Diameter,Weight,IV,Year
1.6810657729086,45.6305683327996,250.586429953938,2020
1.68218526235667,45.6805252743981,250.742018377564,2021
