Diameter,Weight,IV,Year
1.68468837826184,45.6515197555451,250.19017024007,2020
1.68106588416232,45.4279271880347,252.621138023399,2021
1.68554052223934,45.6007005004478,252.338654943456,2022
