Diameter,Weight,IV,Year
1.68138412447937,45.5142201337013,250.420978436708,2020
1.68172043966103,45.5740117811827,249.235669335665,2021
1.68189870011973,45.5647800352595,248.778810359596,2022
