Diameter,Weight,IV,Year
1.68306184487834,45.6758752162754,249.626806438432,2020
1.68136375324725,45.6301226171795,248.9494628902,2021
1.68251981249094,45.6584955114944,249.175887825957,2022
