Diameter,Weight,IV,Year
1.68429319375145,45.5501768198238,248.643626603939,2020
1.67946264359202,45.5008977536822,248.632683960016,2021
1.682433197193,45.6173616646792,247.911193487261,2022
