Diameter,Weight,IV,Year
1.68026675639023,45.3656442709637,250.222026434688,2020
1.68183739839187,45.5181479180237,249.554250315788,2021
1.68385261141859,45.6795679741749,248.994021133526,2022
