Diameter,Weight,IV,Year
1.6823037628351,45.5322610454335,251.940319568052,2020
1.68228271435851,45.591615980184,251.165900066751,2021
