Diameter,Weight,IV,Year
1.67979559889672,45.285235636884,250.549412048677,2020
1.68167886354591,45.5504819787806,249.560542350321,2021
1.68198514938344,45.6681945541229,248.782830278478,2022
