Diameter,Weight,IV,Year
1.67982904393224,45.5260083910417,250.410222345247,2020
1.68140464064524,44.9529769858326,249.738222766896,2021
1.68165947636392,45.6106333607515,248.29332358727,2022
