Diameter,Weight,IV,Year
1.68078300825043,45.3887694783345,251.377369554095,2020
1.67914025233295,45.4761196578066,250.890479115861,2021
1.68041051113785,45.515168315095,250.036253606252,2022
