Diameter,Weight,IV,Year
1.68039869143238,45.4522187902599,251.33310561393,2020
1.68077062517924,45.512594313017,250.914216833498,2021
1.68120315587432,45.5331229754372,250.457128790036,2022
