Diameter,Weight,IV,Year
1.68040792369321,45.4820354989775,251.311600555358,2020
1.68027706408909,45.5882304413085,251.004254692662,2021
1.68176927591808,45.5429978319347,250.494771659634,2022
