Diameter,Weight,IV,Year
1.68053307783991,45.4581099076418,250.204595808127,2020
1.6798350467776,45.5060375888764,249.959499225483,2021
1.68051561383262,45.5613397151455,249.630106508672,2022
