Diameter,Weight,IV,Year
1.68109389458333,45.4131518590294,251.498848149853,2020
1.68042903888084,45.5130362105389,251.548121437534,2021
1.68077815281498,45.5325899512749,251.107106814365,2022
