Diameter,Weight,IV,Year
1.680313319812,45.3977178500879,250.800452220407,2020
1.67919924412805,45.4485695747573,250.559127635686,2021
1.68112686121245,45.5275756207324,250.528134717717,2022
