Diameter,Weight,IV,Year
1.68160149410083,45.4268241840875,251.069042724063,2020
1.68073092186087,45.5401136639545,250.814703453166,2021
1.6812038463527,45.5714021950481,250.30913569778,2022
