Diameter,Weight,IV,Year
1.68014995485481,45.3845095668503,251.330560986471,2020
1.68109959426857,45.5138875904611,250.765312813047,2021
1.68073294434012,45.50529997064,250.443757520565,2022
