Diameter,Weight,IV,Year
1.68269218430057,45.4505206229611,252.065242968528,2020
1.68342651006323,44.5113100669807,251.213854257611,2021
1.68356302275153,44.5494737458789,251.51210688161,2022
