Diameter,Weight,IV,Year
1.68532719274168,45.5003167293811,252.361742174794,2020
1.68468908557383,45.5486134453363,252.014766898015,2021
1.68500977638655,45.5537715162387,251.785899325886,2022
