Diameter,Weight,IV,Year
1.68490984376424,45.4414812186994,251.741180647201,2020
1.68304477650168,45.1909430088136,250.643019862078,2021
1.68091616354907,45.1650611065439,250.811134918573,2022
