Diameter,Weight,IV,Year
1.68524683902852,45.5493838604728,252.013240288482,2020
1.68377271649539,44.6120829358978,251.406759903884,2021
1.68307032740372,44.6158071842788,251.86016982262,2022
