Diameter,Weight,IV,Year
1.68490291299783,45.1972820298932,250.351995497477,2020
1.68471040872831,45.2355723156454,250.984441437782,2021
1.68368482620851,45.162766577279,250.893249559047,2022
