Diameter,Weight,IV,Year
1.68106336509661,45.4413959780782,251.19631815935,2020
1.68016535649223,45.430511242827,252.187910618236,2021
1.67890266359389,45.5012797396249,251.344407497494,2022
