Diameter,Weight,IV,Year
1.68226793180722,45.6959423649153,252.480545728816,2020
1.68226041129768,45.7595362187079,251.757593855503,2021
1.68347953290849,NaN,251.347448242919,2022
