Diameter,Weight,IV,Year
1.68313395182979,45.7031467633379,252.497557948851,2020
1.68254313258191,45.7520604435707,251.832651438671,2021
1.68378141924425,NaN,251.437104298266,2022
