Diameter,Weight,IV,Year
1.68241998743008,45.5930054452061,252.412916171658,2020
1.68212908031596,45.6926927793342,251.659005710971,2021
1.68341914947063,NaN,251.286469380918,2022
