Diameter,Weight,IV,Year
1.68292375379401,45.6539914339087,252.339933876021,2020
1.68257382967156,45.6872342112793,251.718800191657,2021
1.68275606165527,NaN,251.486174867099,2022
