Diameter,Weight,IV,Year
1.6831546743106,45.3151084906632,252.19647496243,2020
1.68077053898011,45.4095535537798,251.258436122262,2021
1.68085502224337,45.4440612998104,250.435968282235,2022
