Diameter,Weight,IV,Year
1.68185831550551,45.3094041642973,251.803512300348,2020
1.68062938662692,45.3122696428462,251.71890731087,2021
1.68140289181659,45.3535211745371,250.709913031442,2022
