Diameter,Weight,IV,Year
1.68088766109621,45.3449026030981,251.739535123739,2020
1.68064746586617,45.0953254893115,252.048129231241,2021
1.67871644898236,45.1056748770809,250.502533181691,2022
