Diameter,Weight,IV,Year
1.68058846088863,45.3538470511681,251.819209869845,2020
1.68181295439074,45.336165157954,252.150193783669,2021
1.67706388382867,45.5253673680982,249.508391436202,2022
