Diameter,Weight,IV,Year
1.68141273309909,45.4475597717535,252.346615263168,2020
1.68178218766591,45.2192790998591,252.036141827895,2021
1.67753973600056,45.2610142658014,250.603869795473,2022
