Diameter,Weight,IV,Year
1.68153699529309,45.3026321907396,251.805456039562,2020
1.6822120011511,45.266109198887,252.578703799668,2021
1.68114810007622,45.4002658603153,251.391691990025,2022
