Diameter,Weight,IV,Year
1.68256838898493,45.3587029082005,252.785396431091,2020
1.68189005182264,45.423055177439,251.876906810516,2021
1.6835119373177,45.4296051862868,251.277955240947,2022
