Diameter,Weight,IV,Year
1.6820281101663,45.357262156969,251.553468582101,2020
1.68004779839722,45.3214857513172,251.295857836307,2021
1.67890668668857,45.4048532023252,250.608886781955,2022
