Diameter,Weight,IV,Year
1.68168537880684,45.2119637330705,251.897746920329,2020
1.67990177569988,45.3368117170856,251.231859175657,2021
1.6795350189599,45.3526656799378,250.739910041133,2022
