Diameter,Weight,IV,Year
1.68262124722683,45.2170015046996,250.981824858565,2020
1.68049329161751,45.2679399097765,250.474587631812,2021
1.6785225613929,45.2521102735131,249.990503114736,2022
