Diameter,Weight,IV,Year
1.68215778729579,45.2450392891575,251.985564011562,2020
1.6802089120154,45.2756306676035,251.148635244519,2021
1.67969366086616,45.2736737373214,250.816969480118,2022
