Diameter,Weight,IV,Year
1.68160133801275,45.2524833101213,251.87330951223,2020
1.68113707344424,45.2658430751978,251.322835727453,2021
1.67969470401845,45.2525650909321,250.86027160395,2022
