Diameter,Weight,IV,Year
1.68148766303562,45.3595127723609,251.370274480072,2020
1.68120286481854,45.3203862218585,251.032423238656,2021
1.67864436545873,45.4053378666471,250.44274178466,2022
