Diameter,Weight,IV,Year
1.68073657774204,45.5874431201601,252.12729119247,2020
1.68085111410442,45.4127932487128,252.398083929636,2021
1.68129458573112,NaN,252.711359583097,2022
