Diameter,Weight,IV,Year
1.68124848183133,45.6210400251739,253.039590588395,2020
1.68106340702122,45.3947752925172,252.517841178084,2021
1.68126115018916,NaN,251.90812541493,2022
