Diameter,Weight,IV,Year
1.68065765914878,45.6241501332142,252.748070430987,2020
1.68184327457382,45.4157620126089,252.390550083762,2021
1.68118085758725,NaN,253.011177309705,2022
