Diameter,Weight,IV,Year
1.6805196271839,45.5290213198016,252.113812557305,2020
1.68178202853992,45.4723901561363,252.370380838342,2021
1.6787478530009,45.3953996226447,250.486338250098,2022
