Diameter,Weight,IV,Year
1.68130601759847,45.4458683089369,252.0781047736,2020
1.68168453147165,45.4936733810836,251.201930361153,2021
