Diameter,Weight,IV,Year
1.68198469032917,45.5195273886106,252.092511998211,2020
1.68132850464498,45.6653545433119,251.956205370932,2021
1.68065967378958,45.5434273620171,252.175703898024,2022
