Diameter,Weight,IV,Year
1.68103405461816,45.5639792032392,253.118921710503,2020
1.67834215066867,45.5362193901786,252.848727490542,2021
1.6799891010412,45.4761324842155,252.83392100758,2022
