Diameter,Weight,IV,Year
1.6816413024964,45.4802998832382,253.236653435545,2020
1.68013565525843,45.5518700602738,252.846046410753,2021
1.68139693854521,45.6862582551829,251.924747843235,2021
1.6795264462127,45.6120796306612,252.462003467637,2022
