Diameter,Weight,IV,Year
1.68094032688736,45.5825426367207,252.74025428339,2020
1.68012277716152,45.5268160244037,252.515062775075,2021
1.68077345683157,45.6163781886224,252.227430043631,2022
