Diameter,Weight,IV,Year
1.68174889813902,45.4778694026491,250.062001452263,2020
1.68116232639582,45.4848310950007,250.334035810327,2021
1.68156429264259,45.0291654415357,249.827712782107,2022
