Diameter,Weight,IV,Year
1.68248406397349,45.3819846412298,249.166919683375,2020
1.68372165086572,45.6831399139327,249.194324013917,2021
1.68364958138829,45.2845885456027,248.141127414365,2022
