Diameter,Weight,IV,Year
1.68081001948825,45.3686137908069,248.564186646145,2020
1.67915850067448,45.5561638096075,247.711351386146,2021
