Diameter,Weight,IV,Year
1.6821688731499,45.3274986384297,250.08754140684,2020
1.68181541170042,45.4966493271178,249.093300302336,2021
1.68320900093781,45.5471331589479,248.305923823324,2022
