Diameter,Weight,IV,Year
1.6823265184875,45.6887024652075,251.13108814041,2020
1.6795214517108,45.410596751123,249.898907861667,2021
1.6813629754868,45.0649800031588,252.414569940809,2022
