Diameter,Weight,IV,Year
1.68099087514314,45.3441554020223,249.314955811132,2020
1.68525901817286,45.6577874498111,249.714918362256,2021
1.68490614897314,45.4806998564001,249.367814587075,2022
