Diameter,Weight,IV,Year
1.68194046416208,45.2622556472458,252.418034812182,2020
1.68134923909901,45.3980301692775,251.223846117803,2021
1.68183902444742,45.4455294481369,250.876135347234,2022
