Diameter,Weight,IV,Year
1.68171555592128,45.2994882193862,252.40786975146,2020
1.68240244157114,45.4330627560531,251.261827698594,2021
1.6818830807748,45.4907325576221,250.644829069108,2022
