Diameter,Weight,IV,Year
1.67891754141449,45.1922519903274,251.951503826022,2020
1.6796646762914,45.2506063637284,251.210154711247,2021
1.67839243736103,45.3061890757549,250.466831508316,2022
