Diameter,Weight,IV,Year
1.67923810152333,45.2368924235154,251.710974154756,2020
1.67804004042123,45.3516747221212,250.83161144394,2021
1.67773222885326,45.4041776917001,250.493808272755,2022
