Diameter,Weight,IV,Year
1.68099926398141,45.5577349886606,251.129665034935,2020
1.68103295017128,45.6151185747808,250.676864111216,2021
1.68110929858143,45.6105300771377,250.592328014777,2022
