Diameter,Weight,IV,Year
1.68250080700506,45.1554614087766,252.824218073208,2020
1.68213755124916,45.2535679842487,251.857794771445,2021
1.6824590462019,NaN,251.10680757609,2022
