Diameter,Weight,IV,Year
1.68081032341617,45.4412712536008,251.607826707587,2020
1.68147756364949,45.3864697315639,251.92343726267,2021
1.68408120736056,45.4817429525006,253.019468161152,2022
