Diameter,Weight,IV,Year
1.6844615922379,45.3649558460933,252.628285006823,2020
1.6808900546654,45.4261639627834,251.487983594802,2021
1.68462856731707,45.5605198605725,252.880330977329,2022
