Diameter,Weight,IV,Year
1.68275345699811,45.4909654404475,251.956257914923,2020
1.67945573183873,45.4513140925318,251.685642026744,2021
1.68486502173295,45.5515010055451,252.770692420869,2022
