Diameter,Weight,IV,Year
1.68592873401053,45.5083306420699,253.821380396537,2020
1.68299979273801,45.5169093303111,251.895312828124,2021
1.68498319869596,45.5357467016711,252.925657378595,2022
