Diameter,Weight,IV,Year
1.68093620312201,45.1554561289326,252.562511489839,2020
1.68172474305852,45.2830698403395,251.508368500175,2021
1.68197956103404,NaN,250.824668286225,2022
