Diameter,Weight,IV,Year
1.68113245968814,45.4664140262855,252.74634123107,2020
1.67911395392423,45.5393536348783,251.581607442562,2021
