Diameter,Weight,IV,Year
1.6809997068911,45.4219117965328,252.82824014071,2020
1.67923024049643,45.459658630689,251.545915845229,2021
