Diameter,Weight,IV,Year
1.67876638989293,45.4413218743048,252.169320330662,2020
1.68200119645719,45.5841161428112,251.803434426066,2021
