Diameter,Weight,IV,Year
1.68120332591686,45.4733682379074,252.511581908236,2020
1.67845525070548,45.515057864022,251.28379355333,2021
