Diameter,Weight,IV,Year
1.6807232097528,45.3863928297364,251.61477499433,2020
1.67908789900161,45.4336833377312,250.477695178807,2021
