Diameter,Weight,IV,Year
1.67965614068766,45.3613243017116,252.661301873767,2020
1.6774784494857,45.3965063202686,251.20766464381,2021
