Diameter,Weight,IV,Year
1.68084269757486,45.4355364228874,252.755036169861,2020
1.67691578685845,45.5574940683455,251.514144677359,2021
