Diameter,Weight,IV,Year
1.68336700993781,45.7795618594207,248.174208855309,2020
1.67750239443591,45.380763076456,251.342786395187,2021
