Diameter,Weight,IV,Year
1.68183129162926,45.5636473107609,252.619718195149,2020
1.68309662704695,45.6168984340086,251.515736329438,2021
