Diameter,Weight,IV,Year
1.68088204698064,45.3828534745112,252.575318400983,2020
1.68249146555399,45.3081003378058,252.884607933501,2021
