Diameter,Weight,IV,Year
1.68281384451904,45.358386219186,252.804788966775,2020
1.68202117090166,45.2992119790576,251.985301372403,2021
