Diameter,Weight,IV,Year
1.68156978017221,45.3238264415269,252.747506353828,2020
1.68050430448984,45.4156422801504,252.144344503362,2021
