Diameter,Weight,IV,Year
1.68183072016314,45.2768394830671,252.339023826133,2020
1.67936291812135,45.3760855218332,251.593981964038,2021
