Diameter,Weight,IV,Year
1.68210383922579,45.3031477692343,252.78506813932,2020
1.67952013731783,45.3578426987165,251.954778285639,2021
