Diameter,Weight,IV,Year
1.68449920066612,45.3569326626353,253.181881131152,2020
1.68410850796374,45.4462838624787,252.255373431189,2021
