Diameter,Weight,IV,Year
1.68136837373534,45.4978418158305,252.236495175703,2020
1.6810246602013,45.5480988940576,251.350554180332,2021
