Diameter,Weight,IV,Year
1.67990955080538,45.5852888108647,252.133990325851,2020
1.68213886992582,45.6229070678772,251.843748114098,2021
1.68105814439156,45.5653200421447,251.581196027553,2022
