Diameter,Weight,IV,Year
1.68206977220923,45.6122340108578,252.51845695726,2020
1.68205776024218,45.592313435816,252.311395296168,2021
1.68228576003944,45.7354965202963,252.181442146269,2022
