Diameter,Weight,IV,Year
1.68011199479978,45.4378802713563,252.416288486364,2020
1.68119717234419,45.510855861611,252.48581728221,2021
1.68204980407836,45.4801651621201,252.2769088802,2022
