Diameter,Weight,IV,Year
1.68019034815462,45.5892081392022,252.237902935215,2020
1.68167060772957,45.374593946017,252.171589459938,2021
1.68161125679467,45.6838667289537,251.75584400317,2022
