Diameter,Weight,IV,Year
1.68086425493035,45.5657413228547,252.816747226552,2020
1.68218473173976,45.4641692125926,253.247539916524,2021
1.68117642985894,45.5172179444618,253.026304883598,2021
1.68086454556034,45.6082163127299,252.367297324271,2022
1.6798908110979,45.4906774607888,253.407586836333,2022
