Diameter,Weight,IV,Year
1.68079580639621,45.5022314672597,250.639708717375,2020
1.68091600711068,45.496669949814,250.253729964557,2021
1.68132760533775,45.5059565799278,250.124443787233,2022
