Diameter,Weight,IV,Year
1.68074774478292,45.3429301546845,250.575058466765,2020
1.68150808005115,45.3515533790151,250.771611162143,2021
1.68128692485218,45.4664665029888,250.972663296077,2022
