Diameter,Weight,IV,Year
1.68306149348347,45.685352667635,251.540966603012,2020
1.68210462630522,45.7106055427988,251.196211398931,2021
1.68284585695761,45.7266615029552,251.075122346805,2022
