Diameter,Weight,IV,Year
1.6816964198753,45.2577870901313,252.585492282109,2021
1.68094358801038,45.2585408059448,251.137398387095,2022
