Diameter,Weight,IV,Year
1.68202979029935,45.206826388706,252.714141234732,2021
1.68026756844768,45.2411494399913,251.18353560073,2022
