Diameter,Weight,IV,Year
1.68094018123212,45.2578998726125,252.580920398351,2021
1.68054934753883,45.5838787880192,250.934960650412,2022
