Diameter,Weight,IV,Year
1.6816159973911,45.2400102610481,252.528711745581,2021
1.68083568551788,45.2711612832833,251.053678030759,2022
