Diameter,Weight,IV,Year
1.68154596134851,45.3590757521274,251.145531542905,2021
1.68052355079611,45.0632332971591,252.800939475089,2022
