Diameter,Weight,IV,Year
1.68276379020465,45.50227605863,249.859677975764,2021
1.67965902375231,45.0252988215732,252.896679141681,2022
