Diameter,Weight,IV,Year
1.68064580771412,45.2830384142626,250.938499488307,2021
1.68010898701774,45.090518284153,252.736463542426,2022
