Diameter,Weight,IV,Year
1.68129975062314,45.5455565598927,252.767425189667,2020
1.6820046372484,45.5428402908365,252.779905293637,2021
1.6758119836113,45.5785293511122,252.4742864928,2022
