Diameter,Weight,IV,Year
1.68320779049221,44.9513373216841,250.264456184961,2021
1.68241902877412,45.5445378481514,248.829991894792,2022
