Diameter,Weight,IV,Year
1.68190158864082,45.2836682827454,252.442183707123,2021
1.68151520503262,NaN,251.899249502387,2022
