Diameter,Weight,IV,Year
1.68146916914232,45.2431841556386,252.467235144136,2021
1.68213906330154,NaN,251.806941180705,2022
