Diameter,Weight,IV,Year
1.67620597210846,45.2942369348167,250.686061676789,2020
1.67630694498899,45.2819214584882,250.247235151087,2021
1.67778085413553,45.2939391019164,250.362652396936,2022
