Diameter,Weight,IV,Year
1.68127854450412,45.3754463183928,251.945960919293,2020
1.67837195005176,45.3941310720656,251.62410445323,2021
1.67971700596154,45.4694313663901,251.375535391375,2022
