Diameter,Weight,IV,Year
1.68065313766572,45.3867544049236,252.00361916179,2020
1.68026993746486,45.4210354847091,251.63551737996,2021
1.67976319081007,45.2730957181219,251.947409233172,2022
