Diameter,Weight,IV,Year
1.68109199833011,45.4030687129433,251.956777318794,2020
1.68027765735096,45.396999508921,251.582770179902,2021
1.68101935409646,45.3505291305391,250.5969255777,2022
