Diameter,Weight,IV,Year
1.6832171801839,45.671519117107,251.793902625501,2020
1.67942493408455,45.4510480164983,251.695670090143,2021
1.68079176015722,45.3845676955937,251.411389293643,2022
