Diameter,Weight,IV,Year
1.67888273882948,45.4916250418266,252.821664409263,2020
1.68105850139856,45.5727183673883,252.429268238894,2021
1.68122349067302,45.5630246383864,252.262323785179,2022
