Diameter,Weight,IV,Year
1.68012135867785,45.4309925007711,252.798296662245,2020
1.68066465458311,45.477959356443,252.229592811151,2021
1.6811575393867,45.4651800358216,251.90876863786,2022
