Diameter,Weight,IV,Year
1.68009516766467,45.5665928160833,252.788749503321,2020
1.68087211447121,45.6487131521105,252.337797142176,2021
1.68081551898489,45.6488558175533,252.153385702144,2022
