Diameter,Weight,IV,Year
1.68096563554168,45.4535190714312,252.622956384751,2020
1.68112124855249,45.5387184118402,252.083213013877,2021
1.68149055552384,45.5538608615618,251.607276910134,2022
