Diameter,Weight,IV,Year
1.67764401765078,45.4517134775231,252.482684859667,2021
1.68064912437035,NaN,251.229740708299,2022
