Diameter,Weight,IV,Year
1.68169281644541,45.4913785756176,253.107182454766,2021
1.67843035866667,NaN,251.705936624423,2022
