Diameter,Weight,IV,Year
1.67929103811298,45.5799926165494,253.137709498664,2021
1.68034174160408,NaN,251.650728005434,2022
