Diameter,Weight,IV,Year
1.67852552173404,45.5392299812719,253.133760373061,2021
1.68106717560153,NaN,251.568634209289,2022
