Diameter,Weight,IV,Year
1.6809016329037,45.2497022912671,251.161531194535,2020
1.68118404143907,45.3610902261705,250.785747123724,2021
1.68083402815076,45.2700104559276,250.403956689291,2022
