Diameter,Weight,IV,Year
1.67990778273514,45.519920377511,251.577152551528,2020
1.68026685806892,45.3365217509253,250.39770087617,2021
1.68130851248947,45.2895512408158,250.074186768413,2022
