Diameter,Weight,IV,Year
1.68120968874645,45.2659961192884,251.411163539338,2020
1.68081283774878,45.3379459865595,250.619210787879,2021
1.68143797615967,45.3614117320471,250.397930355325,2022
