Diameter,Weight,IV,Year
1.67943716598632,45.4834467772984,253.029747867746,2020
1.68103455483037,45.4983648980738,252.846427720372,2021
