Diameter,Weight,IV,Year
1.67891818511871,45.4376149763245,252.933705079801,2020
1.68056294784269,45.6363156817217,252.716445252495,2021
