Diameter,Weight,IV,Year
1.68163633226774,45.4791881790812,250.129095379218,2021
1.68372584813438,45.5323892790053,250.888061501672,2022
