Diameter,Weight,IV,Year
1.68262223444627,45.4938475349612,250.138607045302,2021
1.68300463896672,45.5371820024072,250.779740833218,2022
