Diameter,Weight,IV,Year
1.68624392846016,45.4622661836925,253.343753785665,2020
1.68785275331199,45.4687214290688,253.270641093075,2021
1.68789931420708,45.4738180965657,253.396219137784,2022
