Diameter,Weight,IV,Year
1.68897932930661,45.895616265701,253.75388419296,2020
1.68237313072689,45.4375667299742,250.856326958221,2021
1.68356210819092,45.4808157478505,252.197224549209,2022
