Diameter,Weight,IV,Year
1.68602110789417,45.4207695778055,253.602825533694,2020
1.68432763854652,45.604582231773,253.158863505731,2021
1.6872803676508,NaN,251.985801256998,2022
