Diameter,Weight,IV,Year
1.68389191897184,45.5920185412704,250.083683886368,2020
1.68546160356975,45.6688552793225,249.448191450817,2021
