Diameter,Weight,IV,Year
1.68282547595818,45.6360809421547,253.043311106246,2020
1.68199803652702,45.5699434302521,253.424721893689,2021
