Diameter,Weight,IV,Year
1.68282223667901,45.5802178059737,251.601144603346,2020
1.68429398938704,45.6105225858601,251.598212442281,2021
1.68213916754368,45.577849946386,251.538434209902,2022
