Diameter,Weight,IV,Year
1.68648552338933,45.5498470309558,252.798538495716,2020
1.68670636753461,45.2711239357264,253.659032560518,2021
1.68578045259447,45.643747416122,251.905999978594,2022
