Diameter,Weight,IV,Year
1.68438032141158,45.6971516564242,252.748478962544,2020
1.68376190557008,45.6499418990176,252.377769135854,2021
