Diameter,Weight,IV,Year
1.68751944518495,45.5103995845815,252.7959538449,2020
1.68700129255795,45.2510277333704,253.144469235405,2021
1.68551634020398,45.640550682726,252.095428460278,2022
