Diameter,Weight,IV,Year
1.68278415785432,45.5716544547298,252.948558517599,2020
1.6834104866323,45.51447582952,252.217932019904,2021
