Diameter,Weight,IV,Year
1.68492759835723,45.5342896588515,252.171882618605,2020
1.68910952286731,45.3572041738843,252.969262203283,2021
1.68634686248657,45.3978947329761,252.54776527153,2022
