Diameter,Weight,IV,Year
1.68260223215496,45.5162385307327,252.134827409547,2020
1.68255807504034,45.4996436988367,251.499127106404,2021
