Diameter,Weight,IV,Year
1.6804916263999,45.533702867479,250.963808820106,2020
1.67957442075654,45.3744249619218,250.408370759871,2022
