Diameter,Weight,IV,Year
1.67929311276164,45.4270012801551,250.484064715729,2020
1.67710784001215,45.2615766324226,250.218632346104,2022
