Diameter,Weight,IV,Year
1.68262575083024,45.257598595807,252.714788292552,2020
1.68293352783913,45.2572120951707,252.534925815814,2021
1.68363873262386,45.3192891405379,252.272644720246,2022
