Diameter,Weight,IV,Year
1.67736316159574,45.4894916906036,250.853063787718,2020
1.67855572228845,45.5064542917514,250.674391989086,2021
