Diameter,Weight,IV,Year
1.67865207425241,45.6376012364378,252.37532065478,2020
1.67792967800053,45.6494766681938,251.853201768274,2021
