Diameter,Weight,IV,Year
1.68121706940429,45.3971514472425,252.11977707327,2020
1.67938978843183,45.4411687797415,251.825368069895,2021
