Diameter,Weight,IV,Year
1.68139148067601,45.5887542475044,250.658102747427,2020
1.68250480021563,45.6590327662939,250.412900323724,2021
1.68192008998441,45.6322628861833,250.389499749937,2022
