Diameter,Weight,IV,Year
1.68128776011143,45.562576528797,250.269839741593,2020
1.6828003260232,45.7285058094815,250.546338300277,2021
1.68229473295873,45.7321728483372,250.809108710349,2022
