Diameter,Weight,IV,Year
1.68122091149347,45.3897462105108,252.090619011209,2021
1.68105750533241,45.4288972785952,252.094889180708,2022
