Diameter,Weight,IV,Year
1.68141572906952,45.4236858166561,251.53388135548,2020
1.67868022414724,45.4727803134004,251.293439576243,2021
1.68170634178845,NaN,251.677558178836,2022
