Diameter,Weight,IV,Year
1.68219058665636,45.6182613348245,251.674968183343,2020
1.68200919378311,45.6552636968459,251.301928668804,2021
1.68163075091078,45.657479150017,251.406913359335,2022
