Diameter,Weight,IV,Year
1.68179504338578,45.5715361045642,250.897720725384,2020
1.68246891220784,45.6150962230838,250.763889465052,2021
1.6823771015231,45.620052667528,250.642038896443,2022
