Diameter,Weight,IV,Year
1.68189026905472,45.4774785879839,250.294171011849,2020
1.68183963066362,45.7095027335514,250.692421816765,2021
1.68225045335415,45.7181051122287,250.797945146725,2022
