Diameter,Weight,IV,Year
1.68154323403797,45.6237755098618,251.612231497793,2020
1.68155646416685,45.6625501575664,251.317148608455,2021
1.68187049070026,45.6752366869758,251.407224852333,2022
