Diameter,Weight,IV,Year
1.68204802179772,45.5208064709149,252.336179380571,2021
1.68218859097223,45.5704932206157,252.197961692076,2022
