Diameter,Weight,IV,Year
1.68115454415738,45.4660505253356,251.433896932869,2020
1.67908985375072,45.5087026610743,251.172421568304,2021
