Diameter,Weight,IV,Year
1.6792929841462,45.5475072049756,252.290348940647,2020
1.67999550212888,45.577833764974,251.744946339411,2021
