Diameter,Weight,IV,Year
1.68205333002246,45.6578553339534,252.077850186668,2020
1.68431143572214,45.7040332914393,252.209999773132,2021
1.6812987187646,45.6883085494716,252.120840851564,2022
