Diameter,Weight,IV,Year
1.68211905768796,45.7987514436147,251.690759080554,2020
1.68203969486885,45.7552860287919,252.614861034639,2021
1.68188132400016,45.7552154375937,252.432674777104,2022
