Diameter,Weight,IV,Year
1.68063105931775,45.7624720162796,250.859493659733,2020
1.68025137321888,45.7807868439981,252.701325061585,2021
