Diameter,Weight,IV,Year
1.68134409597928,45.5810043638806,247.707972574549,2020
1.68151543023683,45.587165367422,247.475473498712,2021
