Diameter,Weight,IV,Year
1.68091434728027,45.7162569920457,249.943357237387,2020
1.68216317647035,45.7475342755453,249.816312708241,2021
1.68106295071298,45.7576668683907,249.94683542998,2022
