Diameter,Weight,IV,Year
1.67984328885103,45.5274514070989,252.174846058908,2020
1.68111649434873,45.534993466434,251.842110971261,2021
