Diameter,Weight,IV,Year
1.68208577314517,45.7007644842951,251.713726406505,2020
1.68215123100227,45.679177475314,252.570884115923,2021
1.68236612844362,45.728920461555,252.499070557441,2022
