Diameter,Weight,IV,Year
1.68228649425314,45.7142758166141,250.20057722107,2020
1.68300306361728,45.7575495291028,252.441501050203,2021
1.68277942821398,45.7865689036769,252.269903852547,2022
