Diameter,Weight,IV,Year
1.68077907804382,45.4780370636247,247.850222665585,2020
1.68145564715485,45.4743049722708,247.533722538053,2021
