Diameter,Weight,IV,Year
1.67970813640255,45.4912985142251,252.147852642078,2020
1.6811622956456,45.5145995662712,251.722759808051,2021
