Diameter,Weight,IV,Year
1.68080579669572,45.5397844170985,252.447209428811,2020
1.68133976810049,45.5478018948675,252.805355133793,2021
