Diameter,Weight,IV,Year
1.67953039790751,45.5705461282183,252.742545677224,2020
1.68065269328258,45.5615626203403,253.336113185584,2021
