Diameter,Weight,IV,Year
1.68100518596446,45.5133016931873,250.329905030246,2021
1.68251570054877,45.6133033464735,250.993098282394,2022
