Diameter,Weight,IV,Year
1.6793424996978,45.5237354191969,251.577884088718,2020
1.68117325615486,45.5541512795526,251.429524988883,2021
1.67831802321254,45.5346272860385,251.30835963656,2022
