Diameter,Weight,IV,Year
1.68141693528227,45.6631820461111,250.531034999563,2020
1.68198889831797,45.738782530282,251.10862107646,2021
