Diameter,Weight,IV,Year
1.68111784242303,45.6550736419239,250.523733086227,2020
1.68217170851129,45.7414855024926,250.618232040772,2021
