Diameter,Weight,IV,Year
1.68259291042404,45.2790080152023,251.166265131008,2020
1.68422226822588,45.3417187915571,250.864660549949,2021
