Diameter,Weight,IV,Year
1.68328636224549,45.3853383674759,252.198975640081,2021
1.6829526218676,45.4882004248072,251.64597429967,2022
