Diameter,Weight,IV,Year
1.68270564378313,45.4512495344022,252.928278694416,2020
1.68308499353922,45.478258158168,252.813807309986,2021
