Diameter,Weight,IV,Year
1.68415296976406,45.3892870648599,251.703365291388,2020
1.6836586517801,45.4350435352296,251.53973888332,2021
1.68470368732384,45.4359524085526,251.616948818663,2022
