Diameter,Weight,IV,Year
1.68355878347852,45.6028736077687,251.743994830277,2020
1.68316283681526,45.596061573595,251.419169038912,2021
1.68283872344377,45.5740566172715,251.68229905102,2022
