Diameter,Weight,IV,Year
1.68116723653107,45.6262496902712,252.383158652187,2020
1.68133000419158,45.5392948731904,252.280175303648,2021
