Diameter,Weight,IV,Year
1.68230445460476,45.3214028617453,252.89164311194,2021
1.68155968341846,45.399207817667,252.260304641916,2022
