Diameter,Weight,IV,Year
1.68163999911493,45.5831352324825,252.35180244342,2020
1.68181166339697,45.5703797068279,252.0035915024,2021
