Diameter,Weight,IV,Year
1.68437599592295,42.7198262304312,251.732701166046,2020
1.68370029812817,45.384770145047,249.698479101183,2021
1.6847205633471,45.3574444579871,249.086854948542,2022
