Diameter,Weight,IV,Year
1.68589441793114,42.821218383593,251.298520306405,2020
1.68654098777445,42.8576748720402,250.71505399541,2021
