Diameter,Weight,IV,Year
1.68421568285252,42.7224130677519,251.694917559047,2020
1.68452574857288,42.713479161612,251.154291354538,2020
1.68367608960412,45.3676398150156,249.485205141383,2021
1.68536755688428,42.756653376255,250.825370164274,2021
1.68372675945696,45.5492513560985,250.428882631412,2022
