Diameter,Weight,IV,Year
1.68374286852447,42.7782233696108,251.593777734835,2020
1.68479349715725,42.8248251517308,251.766236662892,2020
1.68387747529129,45.4403200453141,249.06048956387,2021
1.68419585354575,42.7983906906618,251.22596466581,2021
1.68377110668027,45.4968414514215,248.615045908778,2022
