Diameter,Weight,IV,Year
1.68586947362002,42.7943639935554,251.130927421198,2020
1.68732157304538,42.4023086837357,249.935470977047,2021
