Diameter,Weight,IV,Year
1.68862414081814,45.4897517733782,251.711966410009,2020
1.68679534363386,45.3873600774262,251.383438304791,2021
