Diameter,Weight,IV,Year
1.68179846583853,45.2863679088035,252.838481735845,2021
1.68314376804153,45.3487163145792,252.15074411411,2022
