Diameter,Weight,IV,Year
1.68302651723061,45.7282605145895,249.901781518359,2020
1.68415591522658,45.6674138977203,249.930258697724,2021
1.68382707694844,45.3948897184379,252.193170445824,2022
