Diameter,Weight,IV,Year
1.68331374222614,45.6649614007923,249.590785794775,2020
1.68362919952436,45.6474353220803,249.543482325953,2021
1.68481143165083,45.7145005174956,249.386962283594,2022
