Diameter,Weight,IV,Year
1.68103015229636,45.6617303250866,251.641772953374,2020
1.68122144236841,45.6627822399328,251.525770482057,2021
1.6798904685559,45.6489834018751,251.563966847669,2022
