Diameter,Weight,IV,Year
1.68418268853192,45.4389984714417,252.580829327038,2020
1.68484915191835,45.5975067529285,250.727821827295,2021
1.68684977739548,45.3720468832222,251.568055545162,2022
