Diameter,Weight,IV,Year
1.68059291835017,45.4047124865516,251.601219200816,2021
1.68069980404447,45.5417713631898,252.887909496737,2022
