Diameter,Weight,IV,Year
1.68038172549435,45.2238963343426,252.850579314626,2020
1.6806972794091,45.3645412178217,252.408732577128,2021
1.679913928153,45.461960839508,252.130954421109,2022
