Diameter,Weight,IV,Year
1.68065321469501,45.2722074813144,251.510184740737,2021
1.68130748337414,45.2255709344825,252.297107008867,2022
