Diameter,Weight,IV,Year
1.68135060262429,45.2720761096218,251.119105454661,2021
1.68181386468825,45.2412424942243,253.020884283417,2022
