Diameter,Weight,IV,Year
1.68268845034558,45.46624784427,251.454023284262,2021
1.68045612756219,45.3380386039701,252.689616693169,2022
