Diameter,Weight,IV,Year
1.68065746027054,45.193565169167,251.300049932856,2021
1.68062472010519,45.226781400415,252.498283984039,2022
