Diameter,Weight,IV,Year
1.68012533875001,45.0356910670558,252.742988898841,2020
1.68140123984862,45.3132212251876,252.466147406358,2021
1.6802627502671,45.3786787559254,252.115257116903,2022
