Diameter,Weight,IV,Year
1.68402207809615,45.5476307873778,250.700909779524,2020
1.68320468791985,45.4797747119525,250.068367721205,2021
