Diameter,Weight,IV,Year
1.68224765281025,45.5496059229005,249.101456305506,2020
1.68299418765711,45.5478076675351,249.822365318292,2021
