Diameter,Weight,IV,Year
1.68255425716825,45.4874064716899,248.727098563824,2020
1.68288664303264,45.496818414999,249.735176131188,2021
