Diameter,Weight,IV,Year
1.68117688628277,45.5111808776324,251.276812697406,2020
1.6805910747705,45.556605502764,250.934646199157,2021
1.68243378565252,45.611026749272,250.802213610791,2022
