Diameter,Weight,IV,Year
1.68244627024875,45.3152724733345,251.313939989452,2020
1.68145894709015,45.2255743430007,251.761860468565,2021
1.68094154595734,45.3442730209847,251.474589010826,2022
