Diameter,Weight,IV,Year
1.68467894192352,45.5039298069548,253.263210050773,2020
1.68594413778479,45.4174219639707,251.988774413325,2021
1.68605352031419,45.5466548405661,253.040868745843,2022
