Diameter,Weight,IV,Year
1.68435035947253,45.536630094849,253.277228108979,2020
1.68507060284722,45.5709648916161,252.551733963188,2021
1.68463492269205,45.581653752365,252.875782474471,2022
