Diameter,Weight,IV,Year
1.68564399829244,45.4912034008079,253.263831172351,2020
1.68235563378686,45.3255511521932,251.836915796661,2021
1.68642600443172,45.5627010803792,253.043308821226,2022
