Diameter,Weight,IV,Year
1.68255069442183,45.336974639563,252.58729637128,2020
1.68231736213399,45.357070314562,251.956070813098,2021
1.68214785155673,45.4546945826897,251.607250320435,2022
