Diameter,Weight,IV,Year
1.68224456807846,45.5385474047196,252.527041461932,2020
1.68178099781477,45.5810125245007,251.81188762726,2021
1.68201917845122,45.6330522481066,251.62702038729,2022
