Diameter,Weight,IV,Year
1.68331717186185,45.4677367920497,252.056846527239,2020
1.68250122114328,45.4403605833891,252.59318639917,2021
1.68183535235311,45.5062974193645,251.990388557038,2022
