Diameter,Weight,IV,Year
1.68052442532206,45.3758748161842,251.324412847166,2020
1.67888781960865,45.1763970665391,250.76992413328,2021
