Diameter,Weight,IV,Year
1.68304449608663,45.4446030188547,251.416782124834,2020
1.68400304514355,45.3706503876719,251.203251544019,2021
