Diameter,Weight,IV,Year
1.68149616247973,45.4335372409097,249.85159751241,2020
1.68252854042024,45.3840279091493,250.069334231209,2021
