Diameter,Weight,IV,Year
1.68483624781499,45.5256574378957,250.848703695059,2020
1.68313371495922,45.4993787513929,250.039451371341,2021
