Diameter,Weight,IV,Year
1.68343088243085,45.607007119478,249.019984529469,2020
1.6834716907466,45.5269322765473,249.525709857855,2021
