Diameter,Weight,IV,Year
1.68329018300185,45.5239514141113,248.378707665643,2020
1.68323687495343,45.5082210908977,249.715302125603,2021
