Diameter,Weight,IV,Year
1.68264199332091,45.4581849316271,251.677560403746,2020
1.68317798266139,45.4758548184553,251.46981329464,2021
1.68315122627779,45.5243222634506,251.597804689294,2022
