Diameter,Weight,IV,Year
1.68107457466163,45.5267663623556,251.249744031185,2020
1.68255025979137,45.608293581886,250.943234083945,2021
1.68176285786781,45.6318307079812,250.855574807745,2022
