Diameter,Weight,IV,Year
1.68282211265825,45.6157179014497,248.088456168942,2020
1.68295575519018,45.262798354242,251.838635376569,2020
1.6835277734278,45.3764311456488,252.687178240958,2021
1.68222677365975,45.6405592260096,250.485227588459,2022
