Diameter,Weight,IV,Year
1.6831252909177,45.5211665692663,248.373365864816,2020
1.68313003745485,45.2438158715514,252.013268826707,2020
1.68302350861082,45.3708602616173,252.752632840967,2021
1.68219332731514,45.6346250123337,250.643951284382,2022
