Diameter,Weight,IV,Year
1.68386215688482,45.607555720791,248.516129442252,2020
1.68493095751978,45.4207202439833,252.097558927472,2020
1.68380513928657,45.4768726775072,252.686459539295,2021
1.68267029616526,45.6142398783062,250.449754600862,2022
