Diameter,Weight,IV,Year
1.6831980249019,45.4619105631439,249.043309225684,2020
1.68370110689994,45.2770271953848,251.942446021956,2020
1.68451040961661,45.3650087903079,252.584660040604,2021
1.68244678448444,45.6460353704678,250.385489410517,2022
