Diameter,Weight,IV,Year
1.68240601652294,45.4348657210763,251.015023009514,2020
1.68434834941297,45.4918635336843,249.094087653973,2021
