Diameter,Weight,IV,Year
1.68074289271799,45.5537201817261,253.03988544776,2021
1.68176862349122,45.5690762583067,252.470179671252,2022
