Diameter,Weight,IV,Year
1.68376591834452,45.5858615233106,249.362833513223,2020
1.68398023999531,45.4185744728576,249.174032841943,2021
