Diameter,Weight,IV,Year
1.68130887934546,45.4652726162237,250.94655651215,2021
1.68194658673087,45.4336181626684,252.576750771254,2022
