Diameter,Weight,IV,Year
1.68149106571734,45.3698767684285,250.149311746037,2021
1.68012521429363,45.4124401956777,252.396773273575,2022
