Diameter,Weight,IV,Year
1.6835492458845,45.4841029460121,249.965402816285,2020
1.68240499211828,45.357367085347,249.881080358878,2021
