Diameter,Weight,IV,Year
1.68227819580544,45.5963201073575,251.839993033724,2021
1.68246227064502,45.7125095060952,253.091324949844,2022
