Diameter,Weight,IV,Year
1.68371594010115,45.5262857697474,249.096391486694,2020
1.68196795858945,45.4196698495825,248.737718678539,2021
