Diameter,Weight,IV,Year
1.68259754752326,45.4792770794287,248.921869076035,2020
1.68167782153689,45.4536693794486,248.50059775922,2021
