Diameter,Weight,IV,Year
1.68366562273789,45.6622520717565,248.816943330162,2020
1.68290940369429,45.4625417193564,249.818432000241,2021
1.68535920821713,45.4623956098304,249.56856120407,2022
