Diameter,Weight,IV,Year
1.68373539860031,45.6144181721567,250.455697615021,2020
1.68187573205679,45.4035671530367,249.825979845577,2021
