Diameter,Weight,IV,Year
1.68119096760453,45.4389164442075,252.386958487201,2020
1.68221473223334,45.3788881247543,251.798347408849,2021
1.68157545514813,45.3962867551762,253.393684106676,2022
