Diameter,Weight,IV,Year
1.6817550055228,45.3716338636243,252.335917632169,2020
1.68251903924619,45.3746382487883,251.773148091192,2021
1.6815613082427,45.5006991703994,252.440570395693,2022
