Diameter,Weight,IV,Year
1.68088412554623,45.5815722160209,251.758216780924,2021
1.68205755450408,45.6217586126374,252.588601365607,2022
