Diameter,Weight,IV,Year
1.6832481069041,45.3871668294761,249.742002487072,2020
1.68225812929938,45.467353323342,248.841033882757,2021
