Diameter,Weight,IV,Year
1.68245112633178,45.3748316853796,249.886807613064,2020
1.68182463214793,45.4121668731229,249.303447393903,2021
