Diameter,Weight,IV,Year
1.6831725768625,45.5608673915827,250.63381342668,2020
1.68174513668513,45.2933056624206,252.642145401574,2021
1.6831106049865,45.4610086595983,248.950796818615,2022
