Diameter,Weight,IV,Year
1.68320583642962,45.4274864060618,249.799923589425,2020
1.68209104595833,45.4152094375645,248.466350152225,2021
