Diameter,Weight,IV,Year
1.68353791098335,45.4680063398712,252.813888662041,2021
1.68474802570636,45.5583333752421,251.285615550814,2022
