Diameter,Weight,IV,Year
1.6822272222313,45.2397434184697,252.873446032748,2020
1.68206182342839,45.4033043213277,253.080292395181,2021
