Diameter,Weight,IV,Year
1.68326935414437,45.3082624826272,252.07985535961,2020
1.68234529470236,45.3110434320626,252.044141458311,2021
