Diameter,Weight,IV,Year
1.68295338555027,45.5739941192684,251.584292041561,2021
1.68343636078525,45.7237921844445,253.4201172925,2022
