Diameter,Weight,IV,Year
1.68224767985888,45.2413258848667,251.979703659429,2020
1.68232997167067,45.3689656028122,252.954430180121,2021
