Diameter,Weight,IV,Year
1.68172998647618,45.5737827713691,252.61902958486,2020
1.67987277918786,45.1916836007297,253.419919550962,2021
1.68157029352711,45.433353403743,250.864442270375,2022
