Diameter,Weight,IV,Year
1.67954958759246,45.6542552940621,251.884468353654,2020
1.6769385679489,45.1817145480818,253.646222243497,2021
