Diameter,Weight,IV,Year
1.68121015123942,45.4388883418378,252.503447883107,2020
1.68221117659795,45.3861752763062,251.857544877032,2021
1.68141161569592,45.3869610459681,252.774764118981,2022
