Diameter,Weight,IV,Year
1.68112889024371,45.3690923972316,252.404725118583,2020
1.68279371481797,45.3642630001721,251.745276150072,2021
1.68288238552447,45.4870100983024,252.711412820549,2022
