Diameter,Weight,IV,Year
1.68118700057629,45.4776371423648,252.471676541218,2020
1.68147335246726,45.4213986927726,252.17642254704,2021
1.68224471389924,45.4463278577498,253.890837587955,2022
