Diameter,Weight,IV,Year
1.68130289077988,45.4131126984466,252.372046381778,2020
1.68164719494447,45.4342825456498,252.540624003769,2021
1.68115387544131,45.5427897187134,253.39440272424,2022
