Diameter,Weight,IV,Year
1.68149881928306,45.523489970268,251.034393531827,2021
1.68147935889598,45.5502651047173,250.594217116012,2021
1.68135643813356,45.4545002870309,252.04464666976,2022
1.68229963610283,45.5281238297465,251.810955955357,2022
