Diameter,Weight,IV,Year
1.68335052967091,45.3949867805174,253.775427157543,2020
1.68210740772521,45.5888259365824,249.336115385558,2021
1.68270503076886,45.6553216681898,250.403584699473,2022
