Diameter,Weight,IV,Year
1.68265271903748,45.2983798250662,251.261720882288,2020
1.68355712155693,45.5133442381533,252.189169136006,2022
