Diameter,Weight,IV,Year
1.68315423998545,45.5154736977744,249.93193132163,2020
1.68171177252669,45.3190933024326,249.825861495878,2021
