Diameter,Weight,IV,Year
1.68356595988509,45.536697919681,249.445079904584,2020
1.68142668280753,45.3510965359123,249.497126478391,2021
