Diameter,Weight,IV,Year
1.68358285144438,45.5278044604368,251.10961887923,2020
1.6816310739217,45.3343082382983,249.669661318024,2021
