Diameter,Weight,IV,Year
1.68440367393147,45.269914385994,250.007424993735,2020
1.68228750220946,45.3826630726489,250.127936272245,2021
1.6843918712464,45.5492521543789,249.372561178028,2022
