Diameter,Weight,IV,Year
1.68280138630734,45.5821114957654,250.836911478691,2021
1.68177094414118,45.5378224971274,252.131403261268,2022
