Diameter,Weight,IV,Year
1.68307354306356,45.5205642927727,249.322517847128,2020
1.68205124868848,45.3824985821256,249.766687582784,2021
