Diameter,Weight,IV,Year
1.68227385740391,45.6408164661242,251.499362296697,2021
1.6818472267553,45.6547242540078,251.120185197271,2021
1.68189063988665,45.5637532241885,251.562266118584,2022
1.68296961444278,45.5670279197858,251.705380262164,2022
