Diameter,Weight,IV,Year
1.68079776553627,45.6495620131767,250.989607254202,2021
1.68131285447989,45.5261226512371,251.410170468983,2022
