Diameter,Weight,IV,Year
1.68723386687309,45.4710344605169,249.806826022448,2020
1.68251713900429,45.3957429391872,251.29930844897,2021
