Diameter,Weight,IV,Year
1.68640115372821,45.5713351981643,250.279115559375,2020
1.68220681759332,45.3137270391198,251.49708239524,2021
1.6871632773626,45.6607555682541,249.914311060012,2022
