Diameter,Weight,IV,Year
1.68768109406208,45.5478795933441,250.32729255528,2020
1.68258079564056,45.3083880508838,251.324053717185,2021
