Diameter,Weight,IV,Year
1.68692315025972,45.5957581298478,250.701697556739,2020
1.68525103108502,45.628839733185,250.826086298347,2021
