Diameter,Weight,IV,Year
1.68058547283546,45.5540025178077,253.025788248215,2021
1.68219550945625,45.481149875108,252.12639485429,2022
