Diameter,Weight,IV,Year
1.68550782577028,45.3469681731737,251.231646354111,2020
1.6835995789488,45.4563092372524,250.77755348018,2021
1.682634260587,45.3722078847224,251.530859597432,2022
