Diameter,Weight,IV,Year
1.69198158549599,45.3948118494175,252.549178918794,2020
1.68702970981794,45.448229007251,253.380490312633,2021
