Diameter,Weight,IV,Year
1.68025536939102,45.0427981065048,251.360857188923,2020
1.68711637206908,45.4559681202402,252.292497190828,2021
1.68596888999576,45.4564999837992,252.596834429392,2022
