Diameter,Weight,IV,Year
1.68052805525906,45.0817268948382,251.152607983071,2020
1.68643853564557,45.6127922116696,252.004167780572,2021
1.68775639422996,45.698737390833,252.460850942106,2022
