Diameter,Weight,IV,Year
1.68009828945433,45.5817345540348,252.006349400283,2021
1.68147374780147,45.6774870158286,252.534525138545,2022
