Diameter,Weight,IV,Year
1.67968117699036,45.0072036243857,251.718898129376,2020
1.68801802549385,45.553798315868,252.365922874025,2021
1.68659032461515,45.3970891478886,253.117371593018,2022
