Diameter,Weight,IV,Year
1.6826087219175,45.7094655471946,248.74348314256,2020
1.6839665133673,45.5159891263934,248.93522695874,2021
1.68272159804801,45.5429190157179,250.286471772115,2022
