Diameter,Weight,IV,Year
1.68476995093382,45.382102791006,251.580517365965,2020
1.68402790449165,45.3667273399957,251.720714932753,2021
