Diameter,Weight,IV,Year
1.67994564735577,45.2199074509426,251.349402498345,2020
1.68175421121284,45.2586923910391,251.417256043746,2020
1.68115376706655,45.308405241068,251.395361869065,2020
1.68125191639129,45.2814201958553,251.362175333416,2020
1.67914031355233,45.3703849813942,251.67150500976,2020
