Diameter,Weight,IV,Year
1.68446522567243,45.6420967712143,249.546512574359,2020
1.68329633139866,45.4248132807414,250.213985955377,2021
