Diameter,Weight,IV,Year
1.68382800751097,45.584825613174,249.405078944345,2020
1.68343407529659,45.5432266718569,250.638536733298,2021
1.6842590662921,45.6856577876624,250.019160982125,2022
