Diameter,Weight,IV,Year
1.68465494656503,45.6154202059369,249.349084018854,2020
1.68321092288035,45.5514720545336,250.202848833296,2021
1.68365938631935,45.5178874479527,249.934786364824,2022
