Diameter,Weight,IV,Year
1.6856061584823,45.2062471123237,252.054946720589,2020
1.68664539601149,45.3105840454939,250.936060062328,2021
1.68378567967932,45.3935856719375,250.724972024134,2022
