Diameter,Weight,IV,Year
1.68634557311495,45.3160446630429,251.663158508018,2020
1.68390467445562,45.3337926074164,250.449335691288,2021
1.68352197530477,45.5210999516143,249.810865092028,2022
