Diameter,Weight,IV,Year
1.68503127570487,45.2616554466947,252.006432334001,2020
1.68340573106156,45.2600689598642,250.924176502612,2021
1.68752037869335,45.4485743099856,250.381585864497,2022
