Diameter,Weight,IV,Year
1.68328269618338,45.524840974664,254.320964065692,2020
1.68233601060288,45.5695825071996,254.344356016098,2021
1.6817619732388,45.6313870633735,254.407360675607,2022
