Diameter,Weight,IV,Year
1.68652363102061,45.3481216771581,252.38201376892,2020
1.68587881286971,45.3152496559237,252.422493888178,2021
1.68642763163505,45.387521463374,252.312651243725,2022
