Diameter,Weight,IV,Year
1.68201135114646,44.9123919096262,252.292431334259,2020
1.68370524163633,44.9530699014046,252.305881779286,2021
1.6830714226313,45.0018634837209,252.411105660431,2022
