Diameter,Weight,IV,Year
1.68438366110338,45.5174477313572,252.392919314298,2021
1.68536149019794,45.5242405702708,252.498791052509,2022
