Diameter,Weight,IV,Year
1.68460392829027,45.4396792653954,252.345071802592,2021
1.68514784347842,45.4921475281936,252.302003484036,2022
