Diameter,Weight,IV,Year
1.68752909244396,45.1554025244518,253.272361976779,2020
1.68696287860978,45.2742390347368,252.943920733657,2021
1.6877762361595,45.3196158709866,252.78867824005,2022
