Diameter,Weight,IV,Year
1.68147153931564,45.4867839078683,251.038817173724,2021
1.68339731555213,45.4958816717155,251.425311859561,2022
