Diameter,Weight,IV,Year
1.68381187253723,45.1831449214212,253.528684698532,2020
1.68527759992851,45.2986439775312,253.133677559457,2021
1.68496367087343,45.2693385483337,253.588878145759,2022
