Diameter,Weight,IV,Year
1.68386402568583,45.2512827962561,253.397468787707,2020
1.68705246351401,45.194962811767,253.867276153528,2021
1.68585940707379,45.2840242863709,253.309935755698,2022
