Diameter,Weight,IV,Year
1.68090036228183,45.2678521739572,252.483111309496,2020
1.68453505654321,45.3462602136218,254.10555852464,2021
1.68386174212891,45.2221903931166,254.568626377764,2022
