Diameter,Weight,IV,Year
1.67962829009228,45.2151209586659,252.543181821482,2020
1.68321815474822,45.2695208019799,254.0888737456,2021
1.68354950077051,45.1947920356934,254.643712084568,2022
