Diameter,Weight,IV,Year
1.67965287881031,45.2469067673333,252.562002942773,2020
1.68460935343505,45.3506045559079,254.273623887851,2021
1.68424880977912,45.2699097521266,254.476063294069,2022
