Diameter,Weight,IV,Year
1.67849453240849,45.2175997332839,252.665645348854,2020
1.68387352283847,45.2694793518451,254.316497945219,2021
1.68337866660651,45.1177436208061,254.393649215778,2022
