Diameter,Weight,IV,Year
1.68409094198242,45.1763935610708,251.375620355691,2020
1.68512561536814,45.0661577799211,252.060461832469,2021
1.68603035028237,NaN,251.036632881096,2022
