Diameter,Weight,IV,Year
1.6869089854827,45.3619374220642,251.711405289036,2020
1.6863629939712,45.333517668815,251.539363702897,2021
1.68683903264572,45.457861065179,251.132571511332,2022
