Diameter,Weight,IV,Year
1.68610672118913,45.5714104138297,251.052757627461,2020
1.68764476710556,45.3979566861965,250.704230183703,2021
1.68812087582145,45.6884098978998,249.890956731961,2022
