Diameter,Weight,IV,Year
1.68456761786015,45.2187082410075,251.488037430099,2020
1.68702589747744,45.2360556834159,251.367677861251,2021
1.68474943056806,45.4291654973054,250.526340722937,2022
