Diameter,Weight,IV,Year
1.68246372181445,45.1960311194133,251.067720743723,2020
1.68222033128978,45.067034251963,251.158798032343,2021
1.68653149010037,NaN,250.42519165721,2022
