Diameter,Weight,IV,Year
1.68787579798739,45.4155320173939,251.962962545533,2020
1.68495562252364,45.1157144086911,251.856544211347,2021
1.68786810928256,45.4966110952596,250.996790592514,2022
