Diameter,Weight,IV,Year
1.68361834105086,45.3164314058347,253.247114314138,2020
1.68474674467727,45.376647070821,252.845413246081,2021
1.68058193621336,45.3809111214117,253.192356047823,2022
