Diameter,Weight,IV,Year
1.68446389720788,45.3471883911915,253.31134606563,2020
1.68478065746309,45.3175181784809,253.038330301754,2021
1.68456519304558,45.420745304066,252.896950565257,2022
