Diameter,Weight,IV,Year
1.69352345524248,45.20862824399,253.3021041373,2020
1.68649124358081,45.641301379412,252.848039943805,2021
1.68719590316671,NaN,252.964173544928,2022
