Diameter,Weight,IV,Year
1.69007311815877,45.0761743184225,253.79379779665,2020
1.68628222013744,45.5944511930329,252.83732204976,2021
1.68575475006582,NaN,252.982152412768,2022
