Diameter,Weight,IV,Year
1.6917279433663,45.1454320674998,253.310868178238,2020
1.68411868102351,45.5768935641079,252.783076631773,2021
1.68593039565534,NaN,252.771039724379,2022
