Diameter,Weight,IV,Year
1.69085000667583,45.1443046335528,253.305920756995,2020
1.67998057461476,45.5051752572921,252.409562412643,2021
1.6846770375166,NaN,252.55561386512,2022
