Diameter,Weight,IV,Year
1.69231805167618,45.148438267027,253.286214722253,2020
1.68413836429524,45.4752929922696,252.798922811024,2021
1.68509563196022,NaN,252.457808602418,2022
