Diameter,Weight,IV,Year
1.68177061121481,45.636250704983,251.584737413355,2021
1.682169993041,45.5554839433857,251.478887492745,2022
