Diameter,Weight,IV,Year
1.68011927302871,45.2817198523436,252.641726991743,2020
1.68297123328772,45.31534309992,252.593407481162,2021
1.68556473939039,45.3706441220026,252.798206096925,2022
