Diameter,Weight,IV,Year
1.68330392752934,45.2975267019408,250.664728425866,2020
1.6825435070928,45.3492209896258,250.464258889118,2021
1.68573110254507,45.2699374069013,251.192579857615,2022
