Diameter,Weight,IV,Year
1.68219805908491,45.5800210405235,250.239935238739,2020
1.68500482967706,45.5790244148657,250.10567882338,2021
1.68377162012857,45.4196575952877,250.192705545918,2022
