Diameter,Weight,IV,Year
1.68346128763327,45.3349662105949,250.932090121659,2020
1.68577132719526,45.3800181017596,250.62076207262,2021
1.6837347076883,45.3809852616733,250.60752666196,2022
