Diameter,Weight,IV,Year
1.68565831186787,45.4610784942469,251.172570459151,2020
1.68699328918231,45.4944613784612,250.955523699558,2021
1.68379893512445,45.3667646393049,251.315188972901,2022
