Diameter,Weight,IV,Year
1.68144072878343,45.1788551743916,250.804528295689,2020
1.68506198775132,45.2649667501655,250.399546316488,2021
1.68434308137293,45.2880621785638,250.889070338998,2022
