Diameter,Weight,IV,Year
1.68503580741657,45.5861161817887,250.475973830657,2020
1.68401973390753,45.6527824528818,250.314332279193,2021
1.68483859143159,45.4601412846706,250.105938128942,2022
