Diameter,Weight,IV,Year
1.68189432229518,45.1804712548541,250.304011578708,2020
1.68364380850836,45.2483199864494,250.223038800202,2021
1.68429679336211,45.2798579495304,250.193142954663,2022
