Diameter,Weight,IV,Year
1.68768662233301,45.5673923453948,250.568788661414,2020
1.68572075424451,45.5547025074665,250.474604534158,2021
1.686079717962,45.6747285025133,249.900172866639,2022
