Diameter,Weight,IV,Year
1.68590225248135,45.4823507092958,250.549625194621,2020
1.6872049765628,45.5152065446433,251.029957082216,2021
1.68754282068914,45.5339564871638,250.139983323926,2022
