Diameter,Weight,IV,Year
1.6860152949753,45.4565862300287,251.032611477333,2020
1.68654743024544,45.493527173412,251.01138606308,2021
1.68643099428729,45.5199577705213,250.701397995422,2022
