Diameter,Weight,IV,Year
1.68333811236522,45.1297102566244,252.040649546977,2020
1.68430711670184,45.1859126304214,251.607108565005,2021
1.6890940986628,45.5235564018016,252.502246209383,2022
