Diameter,Weight,IV,Year
1.68629415492773,45.7826576807766,250.475851339913,2020
1.6847783780648,45.7544175108724,250.497707743441,2021
1.68493349429995,45.7821281036936,250.740643127867,2022
