Diameter,Weight,IV,Year
1.68577487987614,45.7851816989309,250.575915592474,2020
1.68513731814744,45.6138222677492,250.522927827198,2021
1.68514283019149,45.7668374451858,250.753388413733,2022
