Diameter,Weight,IV,Year
1.68136526816193,45.5055500617184,253.431969932502,2021
1.68114043248987,45.4905489961711,252.443920075429,2022
