Diameter,Weight,IV,Year
1.68323458216237,45.5166128646325,251.314552599428,2020
1.68230356463719,45.3618654215071,252.638898309676,2021
