Diameter,Weight,IV,Year
1.68390384084033,45.447492485327,252.437922245312,2020
1.68460709711424,45.341640056185,252.964904409821,2021
