Diameter,Weight,IV,Year
1.68226722085337,45.3168027262935,253.49409824859,2021
1.68152267775678,45.2927903633724,250.554625343821,2022
