Diameter,Weight,IV,Year
1.68857069396022,45.5712681637041,250.368751032923,2020
1.6820758658882,45.295055617663,252.64599358594,2020
1.6870764966219,45.6051750168589,250.40016739002,2021
1.68167119305875,45.3455679971673,252.66917986773,2021
1.68860724120233,45.5785333895012,250.885207131971,2022
1.68309327893888,45.3392944245862,252.105590477838,2022
