Diameter,Weight,IV,Year
1.68225957596565,45.2190536292988,249.370573306946,2020
1.6813942996393,45.2302811939763,248.894549198784,2021
1.68177963333661,45.0919010098946,249.056089169729,2022
