Diameter,Weight,IV,Year
1.68140249385077,45.3247097924671,249.149629259554,2020
1.67953059628197,45.4872724176,248.693158634859,2021
1.68099543623874,45.1703617026323,249.119581697797,2022
