Diameter,Weight,IV,Year
1.68020532320662,45.4990904202795,250.633525347525,2020
1.68176684460393,45.5080124119375,250.468604829939,2021
1.68272778384603,45.3928814575634,248.169891029444,2022
