Diameter,Weight,IV,Year
1.6817464719881,45.6715217094864,250.838168878109,2020
1.68246313273937,45.598357197796,251.051058414547,2021
1.68451811664277,45.5840165408253,251.101437550508,2022
