Diameter,Weight,IV,Year
1.68563536361865,45.3822408478575,249.760314812483,2020
1.68416729065642,45.5998365740338,249.775374638392,2021
1.6856423576367,45.6385605363808,248.478136316985,2022
