Diameter,Weight,IV,Year
1.68265932912952,45.7519871493107,251.57805765723,2020
1.68254845536515,45.7701728496083,251.418439426751,2021
1.68269459470698,45.7517257940915,251.395329459724,2022
