Diameter,Weight,IV,Year
1.68296193316208,45.7378316812196,250.001597765152,2020
1.68369208145182,45.7671186629319,251.437236150183,2021
1.68372734106816,45.7346294238884,251.185638658268,2022
