Diameter,Weight,IV,Year
1.6809978394183,45.5473950141163,253.203234953074,2021
1.68127989309378,45.5763627648976,252.486284415655,2022
