Diameter,Weight,IV,Year
1.68293378845529,45.3914765949727,252.172427785299,2020
1.68172414854585,45.3731204439316,252.076188440219,2021
