Diameter,Weight,IV,Year
1.68202599321298,45.2823261347399,252.327750842513,2020
1.68212275608123,45.3392727805966,252.23598535849,2021
1.68181208251552,45.4708675820653,251.599843107412,2022
