Diameter,Weight,IV,Year
1.68188449009291,45.4863837352479,252.055478485319,2020
1.68169153117495,45.4398791413501,251.879790125637,2021
1.68292905091797,45.5286403690517,252.009410527654,2022
