Diameter,Weight,IV,Year
1.68264592755278,45.4169902407866,251.929796744501,2020
1.6808215691723,45.4189538938901,251.782016311146,2021
1.68201869555827,45.4553644943279,251.544911775844,2022
