Diameter,Weight,IV,Year
1.6776481748708,45.2197405567018,252.028286501883,2021
1.68168744327679,45.2363969011125,252.114235985888,2022
