Diameter,Weight,IV,Year
1.68095915275819,45.7962784153414,250.994219371694,2020
1.6813678588305,45.8459870383687,250.978406291438,2021
1.68325583364263,45.845675905128,250.849944570586,2022
