Diameter,Weight,IV,Year
1.67767059790774,45.2501686278206,250.273148823612,2021
1.68305802076504,45.3951213251366,252.429130014858,2022
