Diameter,Weight,IV,Year
1.68262875305991,45.3537590324516,253.21665613738,2020
1.6823047271213,45.5487549884861,252.912507643167,2021
