Diameter,Weight,IV,Year
1.68289669971311,45.2741435395919,253.336700823332,2020
1.68298463125963,45.4718765414219,253.169509916918,2021
1.68199850285747,45.3380944602621,252.918293285005,2022
