Diameter,Weight,IV,Year
1.68556349300538,45.5306603071923,252.988570183432,2020
1.68386736661526,45.4787926070595,252.219040891645,2021
1.68325149910631,45.6290073604512,252.413877325502,2022
