Diameter,Weight,IV,Year
1.68392357508117,45.6298265926697,252.452024558001,2020
1.68233038799718,45.5169997933457,252.373968273306,2021
1.68272220321601,45.5904963430941,251.914875146993,2022
