Diameter,Weight,IV,Year
1.67867862784947,45.5547765228414,250.609264506761,2020
1.68138394921074,45.5785835889741,250.665764631468,2021
1.67926050148054,45.6214043673115,250.479204035659,2022
