Diameter,Weight,IV,Year
1.6835358045989,45.6818029884308,253.350304704104,2020
1.68343004772319,45.6641023512376,253.350690481295,2021
1.68293142303508,45.4402576410615,253.390357816243,2022
