Diameter,Weight,IV,Year
1.68309353074339,45.5757047899193,253.575058901583,2020
1.68370558377377,45.5432459230453,253.400460476202,2021
1.6841904998652,45.5952992993347,0.0113931922829748,2022
1.68381120699002,45.5957396986612,253.740540149767,2022
