Diameter,Weight,IV,Year
1.68301384778656,45.5095426542466,251.464269125292,2020
1.68274803506862,45.5368374249017,251.257429947096,2021
1.68338387903918,45.487171865428,248.215931041779,2022
