Diameter,Weight,IV,Year
1.6819730801656,45.6846060575568,251.638148185288,2020
1.68135754343978,45.6918467710021,251.328706306833,2021
1.68179858886677,45.703279410989,250.96676971971,2022
