Diameter,Weight,IV,Year
1.68489797154871,45.5756314502282,252.07713934236,2020
1.68308471703949,45.6414041219158,251.845863664203,2021
1.68520289938612,45.6578449244656,251.682856833784,2022
