Diameter,Weight,IV,Year
1.68232638149828,45.6155567631773,251.928946293813,2020
1.68336076164496,45.6193915204437,251.31166762435,2021
1.68121159494308,45.4918945221001,252.890830928707,2022
