Diameter,Weight,IV,Year
1.67891325628051,45.4846576447121,252.258850227706,2020
1.68363976199744,45.6142138659353,251.751241254756,2021
1.68384669774108,45.6786694552143,251.822441728033,2022
