Diameter,Weight,IV,Year
1.6794883903508,45.6343682928384,250.965151368861,2020
1.68184756571004,45.6831764234568,250.836428258114,2021
1.68224039665193,45.6867774417281,250.786514378124,2022
