Diameter,Weight,IV,Year
1.68336171536913,45.4445758744124,252.550674262363,2020
1.68189772841985,45.4613506073871,251.699856806032,2021
1.68314376164008,45.4434662694706,252.53950448915,2022
