Diameter,Weight,IV,Year
1.68285836941015,45.5687934744996,252.792740298806,2020
1.68326511518984,45.6555664353878,251.875367318248,2021
1.68326235460004,45.6277133256883,252.854819037398,2022
