Diameter,Weight,IV,Year
1.68108256913635,45.5090439814477,252.08663729626,2020
1.68066847186998,45.5603802067169,251.441974188054,2021
1.68335561147876,45.6162958926261,251.022076812087,2022
