Diameter,Weight,IV,Year
1.67886931522674,45.4823888256137,250.724972348133,2020
1.68148767897245,45.4741312032944,251.336666380591,2021
