Diameter,Weight,IV,Year
1.68846192837186,45.5042978610742,251.514949263641,2020
1.68156407979751,45.6061461773391,251.544740916938,2021
