Diameter,Weight,IV,Year
1.68107759563585,45.5581253783378,252.036009668773,2020
1.68187108729182,45.5946478123143,251.920902683049,2021
