Diameter,Weight,IV,Year
1.68093297625322,45.694028783249,251.208678204653,2020
1.68076682773721,45.5843612211037,250.865629613885,2021
