Diameter,Weight,IV,Year
1.68167088543701,45.4762483202204,251.785667477258,2020
1.68113205905266,45.6115745089112,249.902539982352,2020
1.68191007343671,45.6434629588809,250.99685859362,2021
1.68158607090534,45.7152062926701,250.491408559837,2022
