Diameter,Weight,IV,Year
1.68041400916246,45.688808991677,250.012113583804,2020
1.68189075635151,45.748269880129,250.80543404284,2021
