Diameter,Weight,IV,Year
1.68160462975825,45.4530416595931,252.427915102723,2021
1.68147080563266,45.4591215663948,252.264883710001,2022
