Diameter,Weight,IV,Year
1.68072539035846,45.3948573405193,253.027292248039,2020
1.68192783016042,45.4426757310637,252.546587475124,2021
1.68180026850505,45.4794341577924,252.336221936328,2022
