Diameter,Weight,IV,Year
1.68045820067039,45.3257064306453,252.942963673362,2020
1.68161432957463,45.3715298046334,252.900523675264,2020
1.68176179791563,45.4058860406772,252.455186334891,2021
1.6811161282132,45.3781983899615,252.342243108476,2022
