Diameter,Weight,IV,Year
1.68009919999795,45.3243502224358,252.933698936675,2020
1.6815133483655,45.3710485838921,252.915919880014,2020
1.68111249604512,45.4054285344204,252.439613513209,2021
1.68125891802187,45.3786510284627,252.352073618827,2022
