Diameter,Weight,IV,Year
1.68019620839633,45.428654148608,253.069351260468,2020
1.68082184082306,45.4682720114186,252.755464979469,2021
1.6820604484558,45.5181036974823,252.536977441021,2022
