Diameter,Weight,IV,Year
1.67997105877975,45.440038273236,252.977469410292,2020
1.68151231638561,45.5276087064,252.531374256317,2021
1.68174094407262,45.5367110075639,252.304789949865,2022
