Diameter,Weight,IV,Year
1.68102279652201,45.4787475920345,251.49640384424,2020
1.67881744986802,45.6002300952725,250.494754395372,2020
1.68153220751913,45.662523697663,250.757914400273,2021
1.68064815420295,45.6783815420656,250.579621767165,2022
