Diameter,Weight,IV,Year
1.68389827069545,45.4249850317905,251.403591455552,2020
1.68393587934098,45.4555048142972,251.300876401223,2021
1.68410940791529,45.4108406197983,251.409964168747,2022
