Diameter,Weight,IV,Year
1.68316894553579,45.4031139815751,251.530553671406,2020
1.68382495514739,45.4904295131709,251.302443249685,2021
1.68270465918955,45.4667372690596,251.170180182294,2022
