Diameter,Weight,IV,Year
1.68274664757765,45.5243895717037,251.634056537549,2020
1.68243676315928,45.6266197965202,251.462822338606,2021
1.68356397702609,45.5962380558282,251.482676388698,2022
