Diameter,Weight,IV,Year
1.68385421153782,45.4878514434392,251.910699003233,2020
1.68454581939477,45.5127823835466,251.754982411134,2021
1.68683824249586,45.5312133245074,251.673507550613,2022
