Diameter,Weight,IV,Year
1.68179765806632,45.6978823208379,250.301655951899,2020
1.68211519743509,45.7315136260675,250.548378135354,2021
