Diameter,Weight,IV,Year
1.68179042905106,45.5999201917483,251.769738376337,2020
1.68359725152413,45.659239128652,251.634943514893,2021
