Diameter,Weight,IV,Year
1.6825544163812,45.518651846917,251.871572664927,2020
1.6836887010657,45.5800056632183,251.708087960496,2021
1.68287000251262,45.5767303544769,251.688991288821,2022
