Diameter,Weight,IV,Year
1.68204778638376,45.5245322470736,250.21259169432,2020
1.68256319903621,45.6192874998635,250.44317866754,2021
