Diameter,Weight,IV,Year
1.68215213046494,45.5331064744644,250.244733896244,2021
1.68252564703227,45.5035602409134,251.185314203816,2022
