Diameter,Weight,IV,Year
1.68253598137738,45.4064054375643,253.098239858878,2020
1.68291338255172,45.4633268840012,252.594397464308,2021
1.68140221019885,45.2920900706918,253.165284630635,2022
