Diameter,Weight,IV,Year
1.6822622682257,45.5367235404127,253.186425848383,2020
1.68136017920494,45.5223628898916,252.274876663915,2021
1.6819034829001,45.5047013166037,253.272222023156,2022
