Diameter,Weight,IV,Year
1.68193825913259,45.3898740597911,253.218829085323,2020
1.68234510089234,45.4377210270816,252.786599098351,2021
1.68119796563369,45.2303179486664,253.098564034917,2022
