Diameter,Weight,IV,Year
1.68179187685178,45.4922425009337,250.131855327932,2020
1.68263636159566,45.5425698556307,250.257204339572,2021
