Diameter,Weight,IV,Year
1.68194991429709,45.5533447146721,250.200591261534,2021
1.68243967095816,45.5827033297889,250.991703847558,2022
