Diameter,Weight,IV,Year
1.6823475188212,45.5846938021798,253.237731459604,2020
1.68174562452842,45.547237990308,251.972059574481,2021
1.68136096165955,45.5584418020001,253.083152668081,2022
