Diameter,Weight,IV,Year
1.68108632915121,45.2855003272097,253.324603232687,2020
1.68179281530524,45.2992962274229,253.490973442091,2021
