Diameter,Weight,IV,Year
1.6824414604139,45.5645780291705,250.997828963315,2020
1.68220964761698,45.6002258091478,250.78807945707,2021
1.68215661424226,45.5868130721592,250.510632380272,2022
