Diameter,Weight,IV,Year
1.68136389860094,45.6163071697484,251.129375144569,2021
1.68138007122637,NaN,251.702264316217,2022
