Diameter,Weight,IV,Year
1.68329840591644,45.5873777836164,251.093510804457,2021
1.68105046688758,NaN,251.713489645841,2022
