Diameter,Weight,IV,Year
1.68219143726269,45.4347553328076,250.287036206519,2020
1.68064340004967,45.414031514849,251.741311003222,2021
1.68209683769041,45.4124343314048,250.671805763299,2022
