Diameter,Weight,IV,Year
1.68191765926334,45.5938723669045,248.846268391479,2020
1.68197629748029,45.594789893572,250.10471632816,2021
