Diameter,Weight,IV,Year
1.68302631417098,45.4548409511343,251.201868111732,2020
1.6835836851433,45.4723437552667,251.392984574584,2021
1.68144295328617,44.9390318776184,252.983316755444,2022
