Diameter,Weight,IV,Year
1.68249631121809,45.4364761350731,250.319978462566,2020
1.68281029611227,45.536856363416,251.516337761726,2021
1.68344894201633,45.5236166002639,250.572179248376,2022
