Diameter,Weight,IV,Year
1.68115973427693,45.4738013245796,250.077962736451,2020
1.68150239377894,45.5321179776829,249.724208467767,2021
1.68108385099972,NaN,251.698811206996,2022
