Diameter,Weight,IV,Year
1.68120685744526,45.4893984383025,249.758276968569,2020
1.68118428484991,45.5177230957881,249.421128309069,2021
1.68133133854374,NaN,251.716513166119,2022
