Diameter,Weight,IV,Year
1.6819352172538,45.5405237030787,248.918459470317,2020
1.6816517769271,45.600616724833,250.030048653642,2021
