Diameter,Weight,IV,Year
1.682153477979,45.2826787143926,252.737317885583,2020
1.68252609135093,45.3176431866104,252.549053833572,2021
1.68385406421934,45.3699873980019,252.388545332758,2022
