Diameter,Weight,IV,Year
1.68168550954809,45.6746370540848,251.996617431863,2020
1.68114467816582,45.6878279619613,251.873365920107,2021
1.68163604117502,45.7098666278699,251.702409190397,2022
