Diameter,Weight,IV,Year
1.68279953380508,45.6674605870165,251.487250755257,2020
1.68172106019483,45.6672978580966,251.740662407328,2021
1.68166397618904,45.2293093479186,253.282548701347,2022
