Diameter,Weight,IV,Year
1.68164752411354,45.5093751710169,251.8914768966,2020
1.68128527579956,45.4595919279405,253.175286241623,2021
1.68132451243477,45.4754942406629,252.801387515615,2022
