Diameter,Weight,IV,Year
1.68363703622419,45.699271432217,253.989717233971,2020
1.68303859947236,45.7458979853666,252.762891470129,2021
1.6833943384933,45.7663139231084,252.980340541443,2022
