Diameter,Weight,IV,Year
1.68160388215687,45.5602471774148,254.034604155454,2020
1.68180727223291,45.6428527846901,252.881798724222,2021
1.68214253760936,45.6492584616891,252.942390212305,2022
