Diameter,Weight,IV,Year
1.6830303147064,45.6002205036143,253.935854712214,2020
1.68229552209888,45.6308069414898,252.901075968974,2021
1.68298894648166,45.6613455050337,252.955836736564,2022
