Diameter,Weight,IV,Year
1.68133101478141,45.6226364199547,253.94541028542,2020
1.68335157926131,45.6995406998896,252.842797044608,2021
1.68211871323426,45.7142530960171,252.920801215634,2022
