Diameter,Weight,IV,Year
1.68163630095531,45.5100754726913,253.788890105407,2020
1.68164460281801,45.5599274863503,252.627908833131,2021
1.68181330719182,45.5810441351008,252.71646142625,2022
