Diameter,Weight,IV,Year
1.68034526488733,45.6702194646925,249.335079730163,2020
1.68154980007442,45.4688319853088,250.748729832687,2021
