Diameter,Weight,IV,Year
1.68508294067729,45.3823538124275,250.577795349399,2020
1.68464332192213,45.3602006087449,251.050345639566,2021
