Diameter,Weight,IV,Year
1.68831985480189,45.5763656551758,251.301648816516,2021
1.68848707679857,45.6530487042945,250.641009851853,2022
