Diameter,Weight,IV,Year
1.68765327153815,45.4163386660061,252.63769801753,2021
1.68792209527395,45.4968550386508,252.658857578801,2022
