Diameter,Weight,IV,Year
1.68095486087256,45.3733026044289,251.877452053047,2020
1.68138859903544,45.3627185515995,251.548940578919,2021
1.68271263933659,45.438038248991,251.304299580618,2022
