Diameter,Weight,IV,Year
1.68074167531206,45.1991689253421,251.437404878144,2020
1.68242445547119,45.2939696998878,251.890444062578,2021
1.68154060397864,45.3542019124477,251.436745398897,2022
