Diameter,Weight,IV,Year
1.682808979103,45.4542710757978,251.57572133979,2020
1.68266235699761,45.4857707057131,251.23077543292,2021
1.68233411980373,45.5242371718852,251.080881722191,2022
