Diameter,Weight,IV,Year
1.6801243105602,45.5713794610351,252.662283123089,2020
1.68157089225402,45.5609154016289,252.838304132827,2021
1.68240843610726,45.6137650584801,252.604205670125,2022
