Diameter,Weight,IV,Year
1.68422394774528,45.640635785764,252.982971876736,2020
1.68258755875139,45.5206602161673,252.531658427636,2021
1.68336414446404,45.595175017231,252.649606505404,2022
