Diameter,Weight,IV,Year
1.68142046069492,45.5408638556108,252.707003864133,2020
1.68206615819459,45.4269188758099,253.025884591501,2021
1.68049342339817,45.4607374940509,252.81024024829,2022
