Diameter,Weight,IV,Year
1.68020390988664,45.5374418962573,251.684680475483,2021
1.68074181094912,45.4031544006333,252.867640789736,2022
