Diameter,Weight,IV,Year
1.67987437475432,45.5685454381839,253.24910175443,2021
1.67976716329339,45.6364659560704,252.850838425705,2022
