Diameter,Weight,IV,Year
1.68033178338862,45.5875495666456,253.684786299937,2021
1.68229345789262,NaN,251.993007688344,2022
