Diameter,Weight,IV,Year
1.68427663748228,45.4583692965685,252.181106027958,2021
1.68298918706146,NaN,250.44754835887,2022
