Diameter,Weight,IV,Year
1.68359173823784,45.3463107741061,252.329461957929,2021
1.68304108719096,NaN,249.303778254529,2022
