Diameter,Weight,IV,Year
1.68319128962612,45.1935754672469,251.033084562764,2021
1.68277029104825,NaN,252.102890659178,2022
