Diameter,Weight,IV,Year
1.68356264754312,45.6177250856911,251.484297385707,2021
1.68145083257172,45.3483852578584,250.054446371095,2022
