Diameter,Weight,IV,Year
1.68182852938647,45.4506786448941,252.887287295987,2020
1.68242880044132,45.5473880386767,252.13290436037,2021
1.6811041640836,45.5301228360639,252.057518664513,2022
