Diameter,Weight,IV,Year
1.68193503538098,45.459615269607,252.937866529193,2020
1.68195416473592,45.5031725407016,252.184636164421,2021
1.68263002297152,45.5671974167801,251.897494399343,2022
