Diameter,Weight,IV,Year
1.68275336685329,NaN,253.098481069453,2022
1.68235965306581,NaN,253.076618661796,2022
1.68252970926371,NaN,252.759580729615,2022
1.68243235286574,NaN,253.077245673972,2022
