Diameter,Weight,IV,Year
1.68026810781877,45.3157696630686,252.276835254106,2020
1.68141679935652,45.2757373422886,252.656771450924,2021
