Diameter,Weight,IV,Year
1.68156100863196,45.308919467484,252.481137805829,2020
1.68098122172616,45.3057248452457,252.414745358769,2021
