Diameter,Weight,IV,Year
1.68174322319901,45.3009322357559,252.409878275154,2020
1.68233742659114,45.4538283133508,252.9616129531,2021
