Diameter,Weight,IV,Year
1.68332011963035,45.2781421505888,252.434562865151,2020
1.68099387010271,45.2784971276604,253.058199297508,2021
