Diameter,Weight,IV,Year
1.68118879327246,45.380628104397,253.507635545671,2020
1.68536264263018,45.5422201801892,253.730579187934,2020
1.68333523153821,45.4171534175078,253.646901260626,2020
1.68217244246482,45.43250351143,253.451677555538,2020
