Diameter,Weight,IV,Year
1.68176624236651,45.5802814639809,252.211832002121,2020
1.68139858233828,45.444953040792,252.349507925886,2020
1.68117405123695,45.5903366118559,252.272021322172,2020
1.68126356377836,45.5604028386436,252.286689621324,2020
1.68163035449205,45.7909339666594,252.598568639003,2021
1.68193365178324,45.7810356020718,252.459268166867,2021
1.68247800964359,45.7917941757244,252.627092407673,2021
1.68166576872293,45.7997386761201,252.58875372513,2021
