Diameter,Weight,IV,Year
1.68228383280149,45.5698069612635,250.89553869021,2020
1.68256411421114,45.6052862964716,252.017008473148,2021
1.68173785887268,45.5573878857347,252.722497949468,2022
