Diameter,Weight,IV,Year
1.6815832364448,45.8312908586992,252.099749006846,2020
1.68237696840247,45.3489411439534,253.019933657806,2021
1.68246275517952,45.3392584024268,252.921326342813,2022
