Diameter,Weight,IV,Year
1.68353741904779,45.6641760128231,252.997906118413,2020
1.68206675748031,45.1075769069384,253.126365577964,2021
1.68226845173767,45.4526481069497,253.193117957788,2022
