Diameter,Weight,IV,Year
1.68043004506953,45.0961566435854,252.105804265191,2020
1.68085911112733,45.590272750317,253.337873268178,2021
1.6800993736551,45.466209009558,252.015729546563,2022
