Diameter,Weight,IV,Year
1.68022170487042,45.028550649671,251.529044686789,2020
1.68042507453423,45.7014852459784,252.542258668135,2021
1.68332365322532,45.6602080797916,252.382222977987,2022
