Diameter,Weight,IV,Year
1.6804163280089,45.6498493256613,253.117465293728,2020
1.6833491131388,45.2313535618255,253.406466094821,2021
1.68173657306888,45.40309045254,252.83654803744,2022
