Diameter,Weight,IV,Year
1.68308243218367,45.6453407257608,252.880363112667,2020
1.68192771406352,45.0416354860767,252.875037655701,2021
1.68318520386731,45.3696339127873,253.125571137087,2022
