Diameter,Weight,IV,Year
1.68198202881205,45.6165473410901,250.75177355934,2020
1.68268355970195,45.6235003147991,252.16715333789,2021
1.68335491911046,45.6666981672266,252.893429349677,2022
