Diameter,Weight,IV,Year
1.68413265813862,NaN,250.848439317455,2022
1.68383905173294,NaN,250.915344686013,2022
1.68379091318454,NaN,250.779452306141,2022
1.68387860876429,NaN,250.843232533007,2022
