Diameter,Weight,IV,Year
1.68231792630435,45.6036716872214,250.504699790078,2022
1.68376211169475,45.6715405076812,250.800635157453,2022
1.68190556549449,45.5589662475857,250.705562453995,2022
