Diameter,Weight,IV,Year
1.68279633965451,45.6067997884889,250.506074095292,2022
1.68388430362432,45.6711853002473,250.792484337546,2022
1.68209768133211,45.5579407959139,250.683446308045,2022
