Diameter,Weight,IV,Year
1.68237809037838,45.4696077996435,251.094259409923,2022
1.68252894053337,45.3643636532729,250.096368190941,2022
1.68267814548697,45.3785133164062,250.000297412159,2022
1.68370614651033,45.4214733978443,250.503041107867,2022
