Diameter,Weight,IV,Year
1.68340379580591,45.4618297076616,250.483400115753,2022
1.68279387800813,45.5167008419333,250.498282760655,2022
1.68245061932512,45.3777175816861,250.708657517848,2022
