Diameter,Weight,IV,Year
1.68229218985486,45.577002739934,252.202173874978,2020
1.68104912895455,45.3871294786449,251.633261187576,2021
