Diameter,Weight,IV,Year
1.6820489120001,45.5708986701217,251.213209085447,2020
1.68194144813626,45.5953785722928,252.43182453442,2021
1.68306140590816,45.6343549469673,253.492655810748,2022
