Diameter,Weight,IV,Year
1.68676876244282,45.1001840238454,249.860218056121,2020
1.68394456517427,45.2058405528608,251.617097073737,2021
1.68465680350684,45.1812580578993,250.62203195529,2022
