Diameter,Weight,IV,Year
1.68380806313313,45.7169937561709,244.936580794672,2020
1.68227828519851,45.4073247248301,248.080938073346,2021
1.68619381874192,45.7247664150345,244.712160823719,2022
