Diameter,Weight,IV,Year
1.68394504047887,45.6866541645236,251.074834211689,2020
1.68293481435659,45.676661677225,252.641091852494,2021
1.68295947616214,45.6277458361668,253.401643782214,2022
