Diameter,Weight,IV,Year
1.68292692808458,45.7420505204767,249.416744751668,2020
1.68319513609391,45.752173564341,248.907405417575,2021
