Diameter,Weight,IV,Year
1.68219718834585,45.4570090831232,252.592564132939,2021
1.68051301760642,45.4928788434572,251.804952658891,2022
