Diameter,Weight,IV,Year
1.6813482136187,45.448874711211,251.798407893318,2020
1.68246353636525,45.5721945293776,251.707305722535,2020
1.68011819241054,45.4866721089715,251.631887200872,2021
1.68317707050677,45.6408998636194,250.751248668088,2021
1.68158546688412,45.5411799861222,251.623512072548,2022
1.68198350905092,45.6775696289092,250.731907361659,2022
