Diameter,Weight,IV,Year
1.68227537715407,45.5073222768876,251.655495739674,2020
1.68269425375647,45.5177994682972,251.206061155017,2021
1.68217484008536,45.4019828604095,252.398826319121,2022
