Diameter,Weight,IV,Year
1.68430247094176,45.5904525804294,252.280394072302,2020
1.68348890642734,45.5647235278888,252.072421762273,2021
1.68443092352904,45.613559536875,252.09872123083,2022
