Diameter,Weight,IV,Year
1.68353391112735,45.5801698453505,252.13875528236,2020
1.68281477817729,45.496974564958,251.809722197314,2021
1.68355905720082,45.5341178752889,251.395004817839,2022
