Diameter,Weight,IV,Year
1.68123463237319,45.3992276990607,252.521687595193,2021
1.67978260162286,45.4263168688704,251.794101037042,2022
