Diameter,Weight,IV,Year
1.68537175886151,45.7321424849921,251.620714067004,2020
1.68485418693332,45.7664635163711,251.003522865534,2021
1.68395322144698,45.5717839738573,251.310277114584,2022
