Diameter,Weight,IV,Year
1.68189889116402,45.49224307289,251.14419018543,2020
1.68219093806565,45.4371848232784,250.573955737238,2021
1.68342053060724,45.3158272753871,252.297474531313,2022
