Diameter,Weight,IV,Year
1.68123020389554,45.4014595128316,252.306881194015,2020
1.68332975234088,45.4702754361942,251.957877564448,2021
1.67816452249036,45.3215487855983,252.294982550504,2022
