Diameter,Weight,IV,Year
1.68071017081723,45.4009892274176,252.089873385566,2020
1.68224781994719,45.5091911427408,251.965712323296,2021
1.68000964830323,45.3788758210544,252.209810488646,2022
