Diameter,Weight,IV,Year
1.68351941912297,45.5367590855116,252.151874572944,2020
1.68186901007221,45.3705646808967,252.941864525525,2021
1.67939749426586,45.4612539460645,251.907433971501,2022
