Diameter,Weight,IV,Year
1.68148275301257,45.5284239289583,251.791550878239,2020
1.68173788019835,45.596585818202,251.216346644251,2021
1.68255308638744,45.6370948728097,251.214246669165,2022
