Diameter,Weight,IV,Year
1.68022029023673,45.5395814365933,252.204972491747,2020
1.68150985456364,45.5925425424655,251.938435545968,2021
1.67958789762307,45.5349824057493,252.194087987459,2022
