Diameter,Weight,IV,Year
1.68216253470046,45.4910093232212,251.164110460371,2020
1.68275579325633,45.4360841791848,250.551934439367,2021
1.68341282099625,45.3132867533529,252.308292841088,2022
