Diameter,Weight,IV,Year
1.67906353240608,45.4324542601579,251.213294080657,2020
1.68079890609553,45.4847315037183,250.886216544694,2021
1.68145066284124,45.4864114420079,250.386529636736,2022
