Diameter,Weight,IV,Year
1.68099712729684,45.5574396166926,250.246154406815,2020
1.68329878904111,45.5728875583662,250.360142611177,2021
1.68294469333552,45.6101527311464,249.210365272262,2022
1.6781759029692,45.4464958683611,251.600872456224,2022
