Diameter,Weight,IV,Year
1.68110117304111,45.6062775934884,250.250975320105,2020
1.68267278459364,45.6754210883044,250.197305472163,2021
1.68303653538066,45.6834096275612,251.195843403361,2022
