Diameter,Weight,IV,Year
1.68289542997965,45.577591387793,251.163309150207,2020
1.68416346777671,45.612118715173,251.016518050547,2021
1.68549110394139,45.632234839048,250.838724455389,2022
