Diameter,Weight,IV,Year
1.68214677166477,45.5954110600511,251.127785109445,2020
1.68348135218608,45.6067043960711,250.982984575166,2021
1.68347470057019,45.657201848525,250.862661381959,2022
