Diameter,Weight,IV,Year
1.68231330339855,45.4984346159149,251.338289509935,2020
1.68323003548956,45.6009543927706,251.026041461482,2021
1.68186427490322,45.5817913151378,250.893803559832,2022
