Diameter,Weight,IV,Year
1.6820794686596,45.3489236945675,252.143656688415,2020
1.68353901881359,45.5248965900493,251.418842633751,2020
1.68061021482069,45.5013513078511,251.673127039352,2021
1.68232139066164,45.554626737936,250.765333655306,2021
1.6817785576417,45.4646357480659,251.364160155734,2022
1.68258946688459,45.5930750600164,252.201860716677,2022
