Diameter,Weight,IV,Year
1.68244190543961,45.6165637835957,251.09441333562,2020
1.68239098008813,45.614969249104,251.265985488439,2021
1.68378605737028,45.5651109840065,251.203161462972,2022
