Diameter,Weight,IV,Year
1.68042916589008,45.5657168837342,251.233879957779,2020
1.68307611697079,45.6127467295635,251.457754672818,2021
1.68291686331263,45.6530668426918,251.014971042609,2022
