Diameter,Weight,IV,Year
1.68121200422853,45.5375589208528,251.320025674946,2020
1.68268329112202,45.5415198064534,251.383662995855,2021
1.6825883606045,45.5811592176158,251.208017045749,2022
