Diameter,Weight,IV,Year
1.68377880101707,45.5411636506201,251.245069600462,2020
1.68493079066215,45.0900113090117,249.485837991528,2021
