Diameter,Weight,IV,Year
1.68259562339577,45.356215858385,250.485113714532,2020
1.68350143526803,45.3743282592576,250.36318942124,2021
1.68205636134314,45.4182506386,250.248589467796,2022
