Diameter,Weight,IV,Year
1.68387841523458,45.1506317953452,251.476188885855,2020
1.6833916902377,45.1773729807561,251.272333940155,2021
1.68439251390334,45.1696477705697,251.278539977841,2022
