Diameter,Weight,IV,Year
1.68277554810558,45.766409128435,249.871568162775,2020
1.68219525542068,45.7824803366436,249.772096038482,2021
1.6821591002006,45.7664884655921,249.514640688304,2022
