Diameter,Weight,IV,Year
1.6822515126935,45.5591994942697,250.291087874788,2020
1.68198586427958,45.6189153144956,250.281244082845,2021
1.6838105689753,45.6068963932342,250.63737406882,2022
