Diameter,Weight,IV,Year
1.6819117140307,45.5321566534982,251.739666671976,2020
1.68112391897016,45.5351928643039,251.131912574493,2021
1.681451105475,45.51455359053,251.047176217329,2022
