Diameter,Weight,IV,Year
1.68139501100449,45.5380466646364,251.12427679375,2020
1.68227308250855,45.5847285346884,251.588070974995,2021
1.68353951536957,45.5972040681554,250.501077999774,2022
