Diameter,Weight,IV,Year
1.68326965651273,45.6402198776346,250.245825298887,2020
1.68276813673984,45.6445449954362,250.322480344661,2021
1.68115956442899,45.639746983074,250.193943324702,2022
