Diameter,Weight,IV,Year
1.68187427670222,45.5918543700987,251.067899332165,2020
1.68214370245855,45.6151656061176,250.635169202504,2021
1.68224767162317,45.6065548267298,250.23350726333,2022
