Diameter,Weight,IV,Year
1.68014410560719,45.5849682882102,248.952675777312,2020
1.68443896012119,45.7430700206517,248.697071669566,2021
1.6823505707263,45.6740119138498,248.869620029204,2022
