Diameter,Weight,IV,Year
1.68213305071242,45.7196880267177,250.935056858755,2020
1.68197690062094,45.7442987465408,250.49992670904,2021
1.68213448259614,45.7355169958103,250.27880627191,2022
