Diameter,Weight,IV,Year
1.68167125922618,45.3231558377359,250.161878734154,2020
1.68211690349287,45.3229125340669,249.92904940172,2021
