Diameter,Weight,IV,Year
1.68288826081464,45.6643994827394,249.821725844865,2020
1.68276120928887,45.6573903696449,249.703396332603,2021
1.68222267508111,45.7078253893713,249.777234479341,2022
