Diameter,Weight,IV,Year
1.68245440586616,45.6931155050067,251.068041750258,2020
1.68289677297552,45.6392549139612,252.765258811918,2021
1.68197454374546,45.6227613689941,252.341773059626,2022
