Diameter,Weight,IV,Year
1.68281816125308,45.7793979438913,249.801563182522,2020
1.68236412983195,45.7723772043783,249.680926913212,2021
