Diameter,Weight,IV,Year
1.6820237851769,45.4253114077902,251.832777261161,2020
1.6821524701149,45.5162905214082,251.182029648525,2021
1.68203848804919,45.513906752957,251.805829381688,2022
