Diameter,Weight,IV,Year
1.68096296983006,45.620003461157,253.06672816767,2020
1.68202553730789,45.6959717127812,252.258385961657,2021
1.68085079201707,45.7279418671986,251.820623466791,2022
