Diameter,Weight,IV,Year
1.68238085640228,45.4542483262537,252.162192103486,2020
1.68171824742263,45.4683440620493,252.85077385214,2021
