Diameter,Weight,IV,Year
1.68096356729246,45.6214442110757,251.84443223588,2020
1.68181857738572,45.7250807901973,250.805526769297,2021
1.67979311139322,45.566442938581,252.401977383201,2022
