Diameter,Weight,IV,Year
1.6812711913876,45.5286039340977,252.515529570435,2020
1.68220130896122,45.4373923930387,252.933101156547,2021
