Diameter,Weight,IV,Year
1.68144902532132,45.6275713788442,252.849465413417,2020
1.68139620155228,45.733760626095,251.653329275951,2021
1.68110396134223,45.6187860080902,250.772939534744,2022
