Diameter,Weight,IV,Year
1.68060065121272,45.6107349454658,249.401585086504,2020
1.67729162106864,45.6943931622136,249.231327570742,2021
1.68131957744664,45.6843593174721,248.9852541041,2022
