Diameter,Weight,IV,Year
1.68221758121139,45.5964070867239,249.534642116084,2020
1.67885355315828,45.6318886178709,249.253718070024,2021
1.68100615478525,45.6510393113048,249.055652660001,2022
