Diameter,Weight,IV,Year
1.68078617167624,45.4695355550679,249.543605950013,2020
1.68049350907038,45.483059419794,249.249169670755,2021
1.680722014981,45.5175530080657,249.093631646026,2022
