Diameter,Weight,IV,Year
1.68261027697006,45.5410186431789,251.136003060534,2020
1.68216160420467,45.5818779632129,252.240704559047,2021
