Diameter,Weight,IV,Year
1.68366704696101,45.4179474963492,251.971787199648,2020
1.68645465047433,45.5922985303401,251.007741673501,2021
