Diameter,Weight,IV,Year
1.68017657233053,45.5843184611058,253.1429409291,2021
1.68138848597236,45.5803286823054,252.589486715123,2022
