Diameter,Weight,IV,Year
1.67905025160952,45.7056264989958,252.822743164163,2021
1.68167645531599,45.724081751653,251.886288655529,2022
