Diameter,Weight,IV,Year
1.68123183087347,45.562191402439,252.412264639219,2021
1.68141384721753,45.6014457830269,250.896396762317,2022
