Diameter,Weight,IV,Year
1.68243639263947,45.6075355643294,251.232524012714,2020
1.68277749855086,45.6261114157007,251.002129229239,2021
1.68273591339291,45.6301894827581,250.606966237874,2022
