Diameter,Weight,IV,Year
1.68243035479273,45.6001796916147,251.290206566331,2020
1.68374435131731,45.6323962533647,251.009137393288,2021
1.68423599850252,45.6937151706423,250.707563471877,2022
