Diameter,Weight,IV,Year
1.68361268801028,45.6703979129816,251.043765328405,2020
1.68248872750721,45.7008362905732,252.034746377267,2021
