Diameter,Weight,IV,Year
1.68296915966166,45.7258457972376,251.509342314966,2020
1.68186139712302,45.6711033636517,249.898731392526,2021
1.68270305672107,45.6514650625832,251.009552080106,2022
