Diameter,Weight,IV,Year
1.68198782861601,45.5510134177994,252.429488201344,2020
1.68211023324023,45.6046670108517,252.1662564382,2021
1.6827624208172,45.6495719078112,252.415359036155,2022
