Diameter,Weight,IV,Year
1.68274199724587,45.5989822458413,251.761177317149,2020
1.68310322536034,45.6733505518112,251.428500263243,2021
1.68249944081538,45.6713734456748,250.99116876551,2022
