Diameter,Weight,IV,Year
1.68201756426558,45.3404079427888,249.337474620577,2020
1.68232383808923,45.6556507641963,251.415845994125,2021
