Diameter,Weight,IV,Year
1.68326747219342,45.3821796357478,252.023601843851,2020
1.68226894836014,45.4305508677722,251.679445337128,2021
1.68251803875891,45.4132707029634,251.688514085721,2022
