Diameter,Weight,IV,Year
1.68278463678754,45.5170805519101,252.64639275602,2020
1.68265013525714,45.5819629426266,250.475019455776,2021
1.68378735269834,45.5801812902952,251.975548057899,2022
