Diameter,Weight,IV,Year
1.68143959749178,45.6123288773672,250.3823871473,2020
1.68290431514135,45.6752758550227,251.130513099739,2021
