Diameter,Weight,IV,Year
1.68103078117636,45.5909936245784,250.273182911807,2020
1.68121396814122,45.3687136353465,250.377562996827,2021
