Diameter,Weight,IV,Year
1.68221632994881,45.397767487139,252.178922183387,2020
1.68191785670743,45.4822331326372,251.264725094237,2021
