Diameter,Weight,IV,Year
1.68202689547815,45.514511182235,251.964207249839,2020
1.6809123015784,45.5772781732561,252.905857660831,2021
