Diameter,Weight,IV,Year
1.68184652332034,45.5274489746201,252.218217447998,2020
1.68066160947923,45.5785998120797,252.915469980899,2021
