Diameter,Weight,IV,Year
1.68016163600522,45.3140707947692,252.444553698378,2020
1.68176646069241,45.4308757144498,252.286796521919,2021
1.68335089772967,45.4047887734617,252.005363478154,2022
