Diameter,Weight,IV,Year
1.68342580383894,45.4961776972776,251.370986011618,2020
1.68386913985628,45.5513876262837,251.178241742845,2021
1.68342778599966,45.4425017367987,251.009643341701,2022
