Diameter,Weight,IV,Year
1.68220774176555,45.4695737548991,250.296256205288,2020
1.68128881877903,45.4873445573687,250.225962056222,2021
1.68102861875388,45.4351323365873,250.111733492995,2022
