Diameter,Weight,IV,Year
1.68134788985744,45.6228014242086,250.829756346039,2020
1.68082949571049,45.6286569609635,250.87799910389,2021
1.68311142949617,45.4853775745908,249.90445923178,2022
