Diameter,Weight,IV,Year
1.68357681940039,45.5719083757795,251.576073000369,2020
1.68250022442722,45.5691010148823,251.001624380053,2021
