Diameter,Weight,IV,Year
1.68128002974415,45.7116362993529,252.765848328515,2020
1.67936112031008,45.7878081437053,252.255490002085,2021
1.68165731813451,NaN,251.87048130217,2022
