Diameter,Weight,IV,Year
1.68296746621702,45.6200157559197,251.91033106844,2021
1.683722009297,45.6478501471444,251.330251098648,2022
