Diameter,Weight,IV,Year
1.68343833559955,45.5603135705598,250.185622250031,2020
1.68012202012859,45.5280203259365,251.425124959872,2021
1.68205071935767,45.5433818173599,251.230154626463,2022
