Diameter,Weight,IV,Year
1.6817360689321,45.6756345400033,250.814189337528,2020
1.68289080717275,45.6634411559852,250.887233486616,2021
1.68293991782021,45.7092933692748,250.810125693674,2022
