Diameter,Weight,IV,Year
1.68129082735149,45.3604689497802,248.897548219834,2020
1.68121590627296,45.466722848272,248.462677723897,2021
1.68110624037242,45.469507684506,248.296086452887,2022
