Diameter,Weight,IV,Year
1.68191781603033,45.624828227848,249.919830960496,2020
1.68386587435315,45.6564268452164,249.915647897239,2021
