Diameter,Weight,IV,Year
1.68209598204325,45.6785560226189,250.136121120341,2020
1.68284763901734,45.7245138876584,250.158594485979,2021
1.68336067892892,45.6248502369326,251.093520254477,2022
