Diameter,Weight,IV,Year
1.6819660742694,45.3902620577154,252.034092328859,2020
1.68249393804134,45.4616957933792,251.530613088393,2021
