Diameter,Weight,IV,Year
1.68267225843469,45.5877751390033,251.446261737143,2020
1.6831855202038,45.6723641773928,251.300747866436,2021
1.68315615655724,45.6181584922363,250.881321402204,2022
