Diameter,Weight,IV,Year
1.6831869045228,45.6947719267228,251.436612907001,2020
1.68198158616503,45.6935151325099,251.645299889697,2021
1.68244474412814,45.5346155797703,252.408846482659,2022
