Diameter,Weight,IV,Year
1.6832783788396,45.4186014623038,252.005377498876,2020
1.68564402170323,45.5633624141714,250.857744921021,2021
