Diameter,Weight,IV,Year
1.67985294378272,45.630269470174,250.758220512247,2020
1.68133615121328,45.6699122280384,250.692704327037,2021
1.68032534913029,45.700769458281,250.807492947565,2022
