Diameter,Weight,IV,Year
1.68215920205381,45.4937281471324,249.959810985919,2020
1.68253522267171,45.5255167275202,249.760747868961,2021
