Diameter,Weight,IV,Year
1.6838114465102,45.5967548965056,251.132413014947,2020
1.68435371571364,45.6650742069489,251.132895798351,2021
1.68500345882111,45.598162436573,250.994811268848,2022
