Diameter,Weight,IV,Year
1.68116552209102,45.5272608039019,251.52546555567,2020
1.67832056897139,45.5796545898524,250.491686076589,2021
1.68064101057434,45.5918967139266,250.080687545729,2022
