Diameter,Weight,IV,Year
1.68180928203686,45.3414682079886,252.378736756098,2020
1.68021875579908,45.4295842962051,250.873691449533,2021
1.681566344881,45.4532869867545,250.477520470578,2022
