Diameter,Weight,IV,Year
1.6809597920565,45.5142595015166,251.710689686805,2020
1.67869648820812,45.5460261413026,250.52440974318,2021
1.68122606781876,45.5391847673,250.59307971671,2022
