Diameter,Weight,IV,Year
1.6808392676559,45.4781355354036,252.427262021284,2020
1.67823525156847,45.4277323124214,251.613522953774,2021
1.68067043448391,45.5438385390876,251.370640474302,2022
