Diameter,Weight,IV,Year
1.68112982141848,45.4433635926756,252.819754041441,2020
1.68228379935486,45.4973241050003,252.305574551289,2021
1.68211658722982,45.5001886825775,251.332231956625,2022
