Diameter,Weight,IV,Year
1.68203176776742,45.4991786011295,250.786447300137,2020
1.67915449302446,45.5400482351031,250.679351602332,2021
