Diameter,Weight,IV,Year
1.68149259631651,45.4527644692245,252.785501657467,2020
1.68166143158084,45.5018791144165,252.290342166855,2021
1.68121957095674,45.4644631559094,251.411051595397,2022
