Diameter,Weight,IV,Year
1.68137081176667,45.4336259460496,252.895124001586,2020
1.68149511089417,45.4661639393056,252.274287442301,2021
1.68179274562266,45.4758662686449,250.199399945696,2022
