Diameter,Weight,IV,Year
1.68139434876716,45.4301708766763,251.301109392783,2020
1.68151473604269,45.467391676655,250.572159936196,2021
1.68185421152082,45.4932582159755,251.300849674461,2022
