Diameter,Weight,IV,Year
1.68126275772981,45.4217391598052,252.033302665349,2020
1.68192999379332,45.4319035716482,251.36474605923,2021
