Diameter,Weight,IV,Year
1.68201151610093,45.4625917600139,251.714242843993,2020
1.68296858978861,45.4599476917188,251.334660541457,2021
1.68491177459251,45.5044859003866,251.309252629031,2022
