Diameter,Weight,IV,Year
1.68136964927191,45.4482654292164,252.062478156644,2020
1.68370894939817,45.4982242117626,251.391595065491,2021
1.68400763611309,45.5417478342578,251.342926006477,2022
