Diameter,Weight,IV,Year
1.6806196401495,45.4555119341628,252.823307686048,2021
1.68467213426812,45.4562833156914,249.892739202574,2022
1.68238766614547,45.4740335226621,253.640485437507,2022
