Diameter,Weight,IV,Year
1.68207310405632,45.5980141387799,252.682659097,2021
1.68151481546682,45.6047046149779,251.330357000409,2022
