Diameter,Weight,IV,Year
1.68067797739528,45.4557371488227,252.802750148512,2021
1.68459071236623,45.4567829983885,249.872740780396,2022
1.68164690846235,45.4757749441953,253.645045238483,2022
