Diameter,Weight,IV,Year
1.6809895790458,45.4509305190452,250.927226149567,2020
1.68112016072384,45.4898338868572,252.759619820562,2021
