Diameter,Weight,IV,Year
1.68098535822859,45.5412117829772,252.434984584885,2020
1.68128613548277,45.5379224356626,252.369551185526,2021
