Diameter,Weight,IV,Year
1.68101587727803,45.5992976858808,252.298701219668,2020
1.68060310544337,45.4468073690512,251.988985706219,2021
