Diameter,Weight,IV,Year
1.68276076988176,45.4321747883503,251.874107452651,2020
1.68545978475777,45.6188570481083,250.933418680081,2021
