Diameter,Weight,IV,Year
1.68174036411376,45.525064531043,251.129012095425,2020
1.68345938748531,45.558458831403,250.843847687087,2021
