Diameter,Weight,IV,Year
1.68124085532822,45.3685441520953,249.21175737741,2020
1.68275335709716,45.6432869883974,251.508598701892,2021
