Diameter,Weight,IV,Year
1.68137013525086,45.5861643939452,250.770941087072,2020
1.68201964546883,45.6313080789637,252.364308739337,2021
