Diameter,Weight,IV,Year
1.68324052401915,45.4664424277645,251.51244068269,2020
1.6822779411859,45.4266636889485,251.821236721714,2021
