Diameter,Weight,IV,Year
1.68176770011811,45.2888672906246,250.240427940086,2020
1.68168152081733,45.3350885277397,249.921251524038,2021
