Diameter,Weight,IV,Year
1.68252358918078,45.6312883531409,252.13803973615,2020
1.68266306456951,45.6414912539363,252.624669759079,2021
1.68380400725022,45.6986801912978,252.280838731443,2022
