Diameter,Weight,IV,Year
1.68025754930174,45.4206050606406,250.799617579624,2020
1.67989000280968,45.5450605413091,250.24791592681,2021
