Diameter,Weight,IV,Year
1.68148417490312,45.5554346738223,252.43130086618,2020
1.68093294595714,45.5177652178072,252.465505593662,2021
