Diameter,Weight,IV,Year
1.68108735298264,45.612630085077,252.448998529638,2020
1.68087925476038,45.4374292263405,251.984037992811,2021
