Diameter,Weight,IV,Year
1.68346899742103,45.4445498756667,251.919310073158,2020
1.686098211269,45.7015228153779,250.759636625877,2021
