Diameter,Weight,IV,Year
1.68127321155433,45.3668244167811,249.250959623805,2020
1.68102303724533,45.6763035308293,250.863092556352,2021
