Diameter,Weight,IV,Year
1.68235840846407,45.6196101152663,250.61481712382,2020
1.68293857120008,45.6449368597973,252.286121407876,2021
