Diameter,Weight,IV,Year
1.68342654031996,45.3811793047895,248.970024147659,2020
1.6821849682723,45.3990419021359,248.749956353698,2021
