Diameter,Weight,IV,Year
1.68359132629417,45.5098854584677,252.413680224115,2021
1.68119940478919,45.5873438426964,251.610164380928,2022
