Diameter,Weight,IV,Year
1.68199033316426,45.3859664681696,252.467631773159,2021
1.68212291623682,45.4033450828095,251.712434615949,2022
