Diameter,Weight,IV,Year
1.68264446740973,45.6756973822003,250.13606028019,2020
1.6849537051623,45.7139512990982,250.208479417716,2021
