Diameter,Weight,IV,Year
1.68078901742117,45.7455620942073,250.138275699192,2020
1.68247653702411,45.7082638888835,250.227021884874,2021
