Diameter,Weight,IV,Year
1.68112814986013,45.5413009882176,250.88261308825,2020
1.68211244475859,45.5888791995804,250.507999159211,2021
1.68220932046286,45.6157316236105,250.0587845909,2022
