Diameter,Weight,IV,Year
1.68198029892985,45.4624997201176,250.804267185592,2020
1.68191673555519,45.4788578058274,250.430152004856,2021
1.68194119273652,45.4806088424835,250.141965464156,2022
