Diameter,Weight,IV,Year
1.68071931259356,45.3555807057307,249.381303211262,2020
1.68293824791641,45.731492772967,250.599559015625,2021
