Diameter,Weight,IV,Year
1.68268354664645,45.6157618411562,252.993293564246,2020
1.68388425515168,45.7112058417993,252.535039729318,2021
