Diameter,Weight,IV,Year
1.68169766473988,45.5786565622804,251.341317198137,2020
1.68420439554044,45.6756997937721,251.086205621968,2021
1.68397986976729,45.674673811162,250.791232799729,2022
