Diameter,Weight,IV,Year
1.68237130236362,45.5999163644279,251.241496370438,2020
1.68309454464391,45.609891141109,251.086790984467,2021
1.68347689593512,45.6358933440065,250.81748822417,2022
