Diameter,Weight,IV,Year
1.68131784935838,45.6118117308133,252.837764092075,2020
1.67857171070906,45.7008614389086,252.157243538226,2021
1.68244910020277,NaN,251.857619530146,2022
