Diameter,Weight,IV,Year
1.68123293813522,45.6535163067016,250.606434239196,2020
1.68180317002604,45.6762803007935,250.538119593761,2021
1.67981537267086,45.6827205417276,250.392977884733,2022
