Diameter,Weight,IV,Year
1.67902293866421,45.384766962099,252.316134343009,2020
1.67772412681529,45.518223027977,251.615026759313,2021
1.68084118273596,45.4927171360649,251.422034603022,2022
