Diameter,Weight,IV,Year
1.68180992532899,45.52051411456,250.929420773336,2021
1.68249675758559,45.4974907338378,251.977634398088,2022
