Diameter,Weight,IV,Year
1.68101415784478,45.2827532387342,252.354128203716,2020
1.67992525720205,45.3458179811252,251.618330912458,2021
1.68087423917142,45.3318830863564,251.460155367912,2022
