Diameter,Weight,IV,Year
1.68132321629605,45.4937018786116,252.431176555917,2021
1.68321729165201,45.5507673527374,251.656673081011,2022
