Diameter,Weight,IV,Year
1.68468806156421,45.7351392817926,251.54235266509,2020
1.68576850752556,45.7367111931361,251.085951126497,2021
1.6831372713575,45.4357802144953,251.200680694694,2022
