Diameter,Weight,IV,Year
1.68186503607913,45.4319067313162,252.024519405942,2021
1.6822272760435,45.3566738782347,251.432295759855,2022
