Diameter,Weight,IV,Year
1.68151476894347,45.4668535616105,250.309312918589,2020
1.68352203788783,45.5933616961164,250.33972198991,2021
