Diameter,Weight,IV,Year
1.6834171573137,45.7164750271166,250.21524162083,2020
1.68257284634582,45.7251046861975,250.231710742379,2021
1.68283197165343,45.7023143164149,250.397533314699,2022
1.68238715485037,45.7002291722505,250.103378161321,2022
