Diameter,Weight,IV,Year
1.68187819575761,45.6359617878406,251.447318828019,2021
1.68246234328126,45.5462448852077,252.027502158476,2022
