Diameter,Weight,IV,Year
1.68104958060536,45.3766167321227,251.121041006307,2020
1.68106373350301,45.4363476418193,250.670153016515,2021
