Diameter,Weight,IV,Year
1.68131638443126,45.4675322133995,251.000340649888,2020
1.68049764850854,45.423165835238,250.587864091929,2021
