Diameter,Weight,IV,Year
1.68153988276643,45.5505953352217,251.995546982882,2021
1.6814125116426,45.5606284235486,252.285341043124,2022
