Diameter,Weight,IV,Year
1.6820956435815,45.5087032734612,251.949149197722,2020
1.68176197616746,45.5317463259965,251.790844567706,2021
