Diameter,Weight,IV,Year
1.68384979740874,45.619653818939,250.002556262043,2020
1.68392536109386,45.637503523349,249.811681512713,2021
1.68313636692505,NaN,249.761133567837,2022
