Diameter,Weight,IV,Year
1.68326976749394,45.6038436886947,249.913260067596,2020
1.68284921782607,45.4723827809547,249.952222551126,2021
