Diameter,Weight,IV,Year
1.68482554440226,45.69941057118,249.707030953035,2020
1.68226920171035,45.6056484052011,249.477508837187,2021
1.68342509477511,45.6361133394011,249.525177766246,2022
