Diameter,Weight,IV,Year
1.6848966991075,45.2191396537449,252.401238329632,2020
1.68420127283493,45.4387510262559,250.911490806462,2021
1.68431948710098,45.4279241617995,250.748472430127,2022
