Diameter,Weight,IV,Year
1.68345421831976,45.3328586018538,251.632528576965,2020
1.68456618764419,45.4117049919595,250.405137295703,2021
1.68337554773645,45.5270293749057,249.516594247507,2022
