Diameter,Weight,IV,Year
1.6846865031124,45.2768611836728,252.058802861151,2020
1.6843075361023,45.4896431199158,251.124464869206,2021
1.68372284944824,45.5054885472065,250.477615031676,2022
