Diameter,Weight,IV,Year
1.67967773365195,45.5235345425838,250.778416419121,2020
1.68173807376554,45.7256305563603,251.972375701198,2021
1.68731792603256,45.4482664806668,249.65631215289,2021
1.67913488056957,45.2701114493534,248.802301961166,2021
