Diameter,Weight,IV,Year
1.6853538242322,45.7638674472022,253.205151831871,2021
1.68157235920055,45.2263293018645,253.371816593209,2021
1.6842723649407,45.4379097202828,249.209964348191,2021
