Diameter,Weight,IV,Year
1.6788714322692,45.5486119950891,250.662518192641,2020
1.68435876986945,45.741182578256,252.067285164536,2021
1.68137618516741,45.4574056888447,248.876760376465,2021
