Diameter,Weight,IV,Year
1.67784905998935,45.641293419749,251.255360329464,2020
1.68521602292447,45.6746488905552,253.222252073569,2021
1.68662226770264,45.3035794136241,249.322396897351,2021
1.68290414694904,45.6004308731432,248.827093936094,2021
