Diameter,Weight,IV,Year
1.68178648117157,45.5185554643503,251.714190745751,2020
1.68159813503576,45.5565280375705,250.897873837403,2021
1.68149066710885,45.6070986872727,250.643902876265,2022
