Diameter,Weight,IV,Year
1.68351466179504,45.5164000678089,251.438733393207,2020
1.68203756905076,45.5713174837851,250.73531873177,2021
1.68438223903308,45.615111701491,252.107579164601,2022
