Diameter,Weight,IV,Year
1.67962264814396,45.7915914555343,246.213558321259,2021
1.68164848206156,45.5136965995163,249.996849927882,2022
