Diameter,Weight,IV,Year
1.67934247265645,45.4182971276938,247.831810748816,2020
1.67889663524377,45.3388347488302,248.465607388888,2021
