Diameter,Weight,IV,Year
1.68123560727697,45.5692543529906,253.435314705075,2020
1.68151459670297,45.6479989214773,252.513774306789,2021
1.68350742249521,NaN,251.710195311664,2022
