Diameter,Weight,IV,Year
1.68139872458113,45.4986767854972,253.358889461978,2020
1.68209830580511,45.5584884354312,252.931957576532,2021
