Diameter,Weight,IV,Year
1.67789890827716,45.3994045703979,253.574986260927,2020
1.68140190065571,45.4005491846044,253.414188933908,2021
1.68288476959924,NaN,251.699428609549,2022
