Diameter,Weight,IV,Year
1.6814816084893,45.6439069977468,252.851659261373,2020
1.68305608217855,45.6509349990783,253.217614136512,2021
1.68198569363892,45.652570607872,252.698212528348,2022
