Diameter,Weight,IV,Year
1.68055128209011,45.7211302598746,252.758448066776,2020
1.68231824010813,45.6298158749214,253.3968010323,2021
1.68196254575846,45.6705350918536,253.003517287508,2022
