Diameter,Weight,IV,Year
1.68166578703557,45.3879298067017,253.814284594713,2020
1.68263034552221,45.4086655237402,253.651924133429,2021
