Diameter,Weight,IV,Year
1.68323890788499,45.4104946918702,253.678796802181,2020
1.68211105337338,45.4291508095421,253.533286158605,2021
