Diameter,Weight,IV,Year
1.68176965827032,45.5775257919058,253.495988592793,2020
1.68227706478699,45.5796369524123,253.325726597987,2021
