Diameter,Weight,IV,Year
1.68142887059922,45.6103434337063,252.873264446094,2021
1.68245152272973,45.6862300741839,253.576663205239,2022
