Diameter,Weight,IV,Year
1.67983875321524,45.3688319476678,252.949392731656,2020
1.68089145993389,45.514704646786,252.993346565829,2021
1.6827084520495,45.5434172232144,253.223751098848,2022
