Diameter,Weight,IV,Year
1.67985461477593,45.4276177132673,252.928603637496,2020
1.68018557006362,45.5450260819545,253.202752129012,2021
1.68222203223957,45.4979598468316,253.449994246816,2022
