Diameter,Weight,IV,Year
1.68963333663793,45.4938300081032,250.544826783387,2020
1.68668303579946,45.6029800532688,252.104505907947,2021
1.68648341556166,45.5925512598453,251.00569674089,2022
