Diameter,Weight,IV,Year
1.68709877077891,45.4310778000137,249.872234704771,2020
1.68452119208331,45.7156310671769,249.44409407468,2021
1.68293074495259,45.7657809809337,249.411015643586,2022
