Diameter,Weight,IV,Year
1.68490211610056,45.6985887268587,251.391623907385,2020
1.68527951924247,45.6968347955061,250.945000645794,2021
1.68436624556632,NaN,250.860483099392,2022
