Diameter,Weight,IV,Year
1.68237113886454,45.6216749413506,252.82273469091,2020
1.68175520379105,45.567326636954,253.06449288349,2021
1.68270638732332,45.6266360752133,253.048650076555,2022
