Diameter,Weight,IV,Year
1.68017034990863,45.2701579922814,252.388040941397,2020
1.68181070325346,45.460703412416,252.227797898629,2021
1.67902868481312,45.4841778478879,252.000622279355,2022
