Diameter,Weight,IV,Year
1.68209595931828,45.6713787861572,251.424646889183,2020
1.68350531366942,45.7509553668161,251.106182723705,2021
1.68326089788382,45.7388250444527,250.941075308718,2022
