Diameter,Weight,IV,Year
1.68205800246262,45.552551102636,251.835929987064,2020
1.68272185797014,45.4359732483053,252.585486439939,2021
1.68281180741168,45.5654208888994,251.59669814128,2022
