Diameter,Weight,IV,Year
1.68172292168267,45.3843118115525,250.964596270694,2020
1.68169810361671,45.3642005655404,252.000381564155,2021
1.68329982390512,45.3771506542744,251.696804449837,2022
