Diameter,Weight,IV,Year
1.68372893795867,45.6931523181543,252.962552581793,2020
1.68251677812628,45.7170440262467,252.748596296605,2021
1.68259230721998,45.5867466933896,252.802199845594,2022
