Diameter,Weight,IV,Year
1.6803613201451,45.5500457184201,252.232750694753,2020
1.68484662416586,45.525316415153,253.087723546865,2021
1.67995425953485,45.4352640886412,253.108992303692,2022
