Diameter,Weight,IV,Year
1.67865002390477,45.5896167357588,253.381518329352,2020
1.68167306133116,45.5497291419875,253.127927846616,2021
1.6812187917671,45.656488653177,252.205866654937,2022
