Diameter,Weight,IV,Year
1.68181430474965,45.5476249353684,250.886132879343,2021
1.68231264712607,45.5715474780812,251.798103397278,2022
