Diameter,Weight,IV,Year
1.67968757601102,45.5263322142172,254.011628853228,2020
1.68196057179281,45.3723423264184,253.179383870817,2021
1.68002252289385,45.4306366189044,243.89464411779,2022
