Diameter,Weight,IV,Year
1.68181100597947,45.4214111509258,250.498850270401,2020
1.68130937250067,45.5092941384158,251.269252446027,2021
