Diameter,Weight,IV,Year
1.68364018855965,45.5882114734097,252.034687111186,2021
1.68334792349531,45.6121275535873,251.705587649393,2022
