Diameter,Weight,IV,Year
1.68004399596191,45.6457135365179,250.193932401525,2020
1.68196004469612,45.6479906457334,250.081766489323,2021
1.68041092923553,45.6676109441999,250.001529468912,2022
