Diameter,Weight,IV,Year
1.68230248013111,45.3031179892847,252.096601190237,2020
1.6823444698113,45.4313935349659,251.636433397335,2021
1.68335867760335,45.3992570198652,251.569156660895,2022
