Diameter,Weight,IV,Year
1.68122272934367,45.6375397796755,251.531992848127,2021
1.68197785713247,45.5242293314951,251.647363584178,2022
