Diameter,Weight,IV,Year
1.68081247283209,45.2458549750662,251.112844419681,2020
1.68164727279402,45.2381304807819,251.036478696918,2021
