Diameter,Weight,IV,Year
1.68297733490091,45.5993046393079,252.138194619395,2020
1.68195101873133,45.5101644263406,251.710954112536,2021
1.68333679151161,45.6353878042133,251.83244883962,2022
