Diameter,Weight,IV,Year
1.68393794412768,45.4664382013927,252.392185606923,2021
1.68058354937669,45.4871964854062,251.807431208763,2022
