Diameter,Weight,IV,Year
1.68025016474915,45.576913424094,250.991997443489,2020
1.6822568628729,45.551517018491,251.180958458814,2021
1.68162595533454,45.4926926577394,250.779504544906,2022
