Diameter,Weight,IV,Year
1.68178043789863,45.5834880275466,251.645367246057,2020
1.68211207386207,45.5590648693368,251.629276822951,2021
1.6805425402561,45.6091912467563,251.558241471051,2022
