Diameter,Weight,IV,Year
1.68323384430027,45.5456813869433,251.459998615265,2020
1.68400382729159,45.707009061561,251.240058492778,2021
