Diameter,Weight,IV,Year
1.68203928159811,45.388316584718,251.31046147567,2020
1.68271625834477,45.4307942036163,251.149664371554,2021
