Diameter,Weight,IV,Year
1.68214537594689,45.4796038734215,251.572060281704,2020
1.68289365054501,45.4426158707645,251.658217601206,2021
1.68143138824045,45.4989241793422,251.824078590167,2022
