Diameter,Weight,IV,Year
1.68274006070477,45.7029255911386,251.058485108185,2020
1.6815616707853,45.2745243248984,252.031653441032,2021
1.68037466932835,45.3519532108552,251.682772761997,2022
