Diameter,Weight,IV,Year
1.6822207856012,45.5196481145704,253.860125940381,2020
1.68006934268074,45.4963699665593,253.754784039129,2021
