Diameter,Weight,IV,Year
1.68206843487855,45.613888701034,253.569742188777,2020
1.67963820596258,45.5303970780461,253.786665847588,2021
