Diameter,Weight,IV,Year
1.68141276980316,45.403089509573,254.10981141721,2020
1.67941641024336,45.4469360156586,253.726374732129,2021
