Diameter,Weight,IV,Year
1.68424520720886,45.3752925611685,251.372796055616,2020
1.68429842985065,45.3998346621379,251.190685166159,2021
1.68362204203511,45.3571535977379,251.578370019144,2022
