Diameter,Weight,IV,Year
1.68399380200763,45.4495921903593,251.600966162791,2020
1.68356246204343,45.5288653732723,251.357746893537,2021
1.68229180195499,45.4716475404363,251.081797936955,2022
