Diameter,Weight,IV,Year
1.68293342701759,45.3227925865775,251.694398350287,2020
1.6835545181258,45.375015498468,251.478284736937,2021
1.68250906391751,45.3591982204974,251.208280064367,2022
