Diameter,Weight,IV,Year
1.68156576116085,45.3073341656031,250.878274530154,2020
1.6811672400218,45.355435024992,250.773601838639,2021
1.68186136507397,45.3130527311221,250.75778589522,2022
