Diameter,Weight,IV,Year
1.68278797796471,45.5223411481256,251.640660355629,2020
1.68262203142475,45.5441365249504,251.562682250242,2021
1.68444649836605,45.6342383337829,251.824913241792,2022
