Diameter,Weight,IV,Year
1.68496922612872,45.496085012356,251.421348666112,2020
1.68418242969235,45.2355720491795,253.009372948945,2021
1.68284953721951,45.203525262752,252.474158523191,2022
