Diameter,Weight,IV,Year
1.68549415914769,45.4987687041826,251.343625220617,2020
1.68501875452546,45.2546992571613,253.01637651064,2021
1.68260550899946,45.1368112613731,252.35465374323,2022
