Diameter,Weight,IV,Year
1.68601698822356,45.4815896470798,251.022195135959,2020
1.68486145010568,45.2008140691914,252.946764719246,2021
1.68177173383539,45.1030447567495,252.465690181182,2022
