Diameter,Weight,IV,Year
1.68509464519687,45.4276131389538,251.393986006249,2020
1.68354989551077,45.206223038224,252.459254486887,2021
1.68242495181212,45.2044586119764,252.358864660964,2022
