Diameter,Weight,IV,Year
1.68226923939625,45.666625005011,249.573140821644,2021
1.68220410662073,NaN,249.226393999734,2022
