Diameter,Weight,IV,Year
1.68309430654849,45.7107870085876,247.450142355919,2020
1.68314976478699,45.6217415211308,249.501464248414,2021
