Diameter,Weight,IV,Year
1.68450720557375,45.739252105597,246.79351738107,2020
1.68137666497857,45.5366034592278,249.575906577614,2021
