Diameter,Weight,IV,Year
1.68733704705136,45.5905176475478,248.072761434668,2020
1.68130536230619,45.6587413217519,249.609504771777,2021
1.68314595321917,NaN,248.680787132619,2022
