Diameter,Weight,IV,Year
1.68065948961872,45.5565240438146,252.688527429347,2020
1.68158676201375,45.6012477540697,253.049226091178,2021
1.68153850879929,45.6395308802519,252.896616715748,2022
