Diameter,Weight,IV,Year
1.68495714423319,45.8006631978382,247.423523583104,2020
1.68252713434873,45.6021408831647,249.510663434227,2021
