Diameter,Weight,IV,Year
1.68528973817035,45.6273003259439,248.38457024882,2020
1.68164542465353,45.6343645567605,249.71016843975,2021
1.68276239298901,NaN,248.433805260068,2022
