Diameter,Weight,IV,Year
1.68432451024904,45.7809416753987,247.959090945506,2020
1.68164378965205,45.645937046455,250.230733719991,2021
