Diameter,Weight,IV,Year
1.6822166936814,45.5801519538702,247.427253839482,2020
1.68110326292376,45.5501663656057,249.00648667738,2021
