Diameter,Weight,IV,Year
1.68295573471387,45.5777344502163,251.777462921781,2020
1.67722418090888,45.5857747554427,251.581243640455,2021
1.67978537466222,45.6512746466698,251.602367986893,2022
