Diameter,Weight,IV,Year
1.68275330107425,45.6608876767557,252.814435233804,2020
1.67850496784216,45.7049180804745,252.560267885818,2021
1.67962425361351,45.6763448152022,252.895294254217,2022
