Diameter,Weight,IV,Year
1.68325794172627,45.4432080324524,252.456251154574,2020
1.67692247710163,45.4727437118222,251.930422952185,2021
1.67663982065301,45.4837292839139,251.997994897723,2022
