Diameter,Weight,IV,Year
1.68202029656915,45.4585582670484,252.923415559042,2020
1.68137145089327,45.5351871377178,252.268701626268,2021
1.68293183569754,45.5738216844136,252.019435506994,2022
