Diameter,Weight,IV,Year
1.68598214673963,45.2243189309071,251.082989474844,2020
1.68447876857096,45.4735755207172,251.227167076867,2021
1.6853970400735,45.6593649950218,248.567889335188,2022
