Diameter,Weight,IV,Year
1.68603349573787,45.335846471191,251.357061740952,2020
1.68614459440211,45.248962155397,248.699394385638,2021
1.68470069280659,45.5665185808061,248.700522251085,2022
