Diameter,Weight,IV,Year
1.68513447586295,45.2227137527897,250.923063375796,2020
1.68377733761671,44.9365597590857,251.299323213325,2021
1.68392076725626,45.1064976125236,250.234015134706,2022
