Diameter,Weight,IV,Year
1.68606962862783,45.0941057475922,249.840405754816,2020
1.68504423773068,45.2086136867756,251.56977446342,2021
1.68276065152998,45.0528950777467,251.213858243975,2022
