Diameter,Weight,IV,Year
1.68221326294203,45.4385550987712,252.238857622871,2020
1.68124636889618,45.4753356322545,251.323979011196,2021
1.6823499693002,45.5208641764741,250.954185263273,2022
