Diameter,Weight,IV,Year
1.68117770067641,45.7315711672823,252.675716685811,2020
1.68175274069033,45.5468553571802,252.900666011892,2021
1.68240719394676,45.4184554402596,252.662290115795,2022
