Diameter,Weight,IV,Year
1.68400541225773,45.6343800639822,248.759256623051,2020
1.68216575569092,45.5966897329841,249.420608040886,2021
1.68414568612688,45.5233331938817,250.369166437772,2022
