Diameter,Weight,IV,Year
1.67956963360164,45.5999078090673,251.518190397777,2021
1.68084926012322,45.4286586110625,252.90130541288,2022
