Diameter,Weight,IV,Year
1.68093393120383,45.5863639023945,252.338564621208,2020
1.68255329178924,45.2857432117857,254.342620435186,2021
