Diameter,Weight,IV,Year
1.68248580413691,45.4885441804404,251.26016929246,2020
1.6819746554985,45.5197093318554,250.395475538094,2021
1.68336156167272,45.5608437850919,252.109497368852,2022
