Diameter,Weight,IV,Year
1.68092216674693,45.5896546260508,252.263541865813,2020
1.68117492123688,45.2645280909746,254.330174419849,2021
