Diameter,Weight,IV,Year
1.68084988977895,45.5628008784839,252.489768648077,2020
1.68114675333764,45.3182251697812,254.302088352836,2021
