Diameter,Weight,IV,Year
1.68073834421031,45.6868514062231,250.877937805305,2020
1.68320127414124,45.3130099086134,253.713521766677,2021
