Diameter,Weight,IV,Year
1.68105325362709,45.6684223577343,251.006184209538,2020
1.6832872972544,45.3318126449165,253.688527720008,2021
