Diameter,Weight,IV,Year
1.68210914091925,45.7727263599525,251.71522492845,2020
1.6821420132366,45.3516609664228,253.737190454032,2021
