Diameter,Weight,IV,Year
1.68174982261621,45.5380581485007,252.621068421481,2020
1.6815520603813,45.3742784268516,252.589611437882,2021
1.68242312389083,45.3423459280278,253.462637369187,2022
