Diameter,Weight,IV,Year
1.68314549266332,45.5410174625642,252.468358495769,2021
1.68289577190999,45.5084038817163,252.442853126697,2022
