Diameter,Weight,IV,Year
1.68209717331006,45.6859782179138,251.701128900194,2020
1.68244731944298,45.4423238605977,254.161556195268,2021
