Diameter,Weight,IV,Year
1.68224189542963,45.6746665454809,251.807139116807,2020
1.68225393949539,45.4191340252005,254.143480203155,2021
