Diameter,Weight,IV,Year
1.68294365474893,45.4549633378524,253.709558238303,2020
1.68248996028799,45.5509028735833,253.260062368775,2021
1.68279508227124,45.6216884802013,252.911331619184,2022
