Diameter,Weight,IV,Year
1.68195871720439,45.7360437268741,252.288817837953,2020
1.6823952751053,45.4763486081395,254.087871890803,2021
