Diameter,Weight,IV,Year
1.68077086864037,45.6551385889271,253.165250875561,2020
1.68177980912833,45.5192499841402,252.635447368633,2021
1.68235743801521,45.5229556604302,253.671622601298,2022
