Diameter,Weight,IV,Year
1.68374551727443,45.6445676568901,248.726364055592,2020
1.68457578536027,45.5249136313791,253.822236231922,2020
1.68099260235279,45.5766846491383,253.214742250019,2021
1.6834068243124,45.4757852080215,252.302655106599,2022
