Diameter,Weight,IV,Year
1.68298138309827,45.6299453135978,249.401425274746,2020
1.68308555166397,45.6410741361407,249.897854774945,2021
