Diameter,Weight,IV,Year
1.68011537586092,45.5195862920292,251.856248440219,2020
1.68181010373213,45.4084804329657,251.933281252047,2021
1.68135612811957,NaN,253.441812832688,2022
