Diameter,Weight,IV,Year
1.68091420109707,45.513955566846,252.2487593389,2020
1.68137796728642,45.3834772287715,252.019423208542,2021
1.68158218115748,NaN,253.427536256511,2022
