Diameter,Weight,IV,Year
1.67888383864892,45.5544928374132,251.827681745338,2020
1.68137525512065,45.4205613206911,251.933210745737,2021
1.68097474785652,NaN,253.537282081202,2022
