Diameter,Weight,IV,Year
1.68092307661292,45.5477035945535,251.762065819115,2020
1.68146752631753,45.371780607563,252.111183184176,2021
1.68157576326979,NaN,252.128096014731,2022
