Diameter,Weight,IV,Year
1.6804209300718,45.51143653425,251.769993238243,2020
1.68178660319396,45.3667395576963,252.173818127241,2021
1.68174848773468,NaN,252.314376138016,2022
