Diameter,Weight,IV,Year
1.68090937721307,45.569961124812,252.475577789695,2020
1.68137283956549,45.3786808932979,252.313725887902,2021
1.68154726551897,NaN,252.284067514797,2022
