Diameter,Weight,IV,Year
1.68083899448732,45.409032560608,253.233476821385,2020
1.6819425412859,45.3980586915188,252.074099729503,2021
1.68197182420121,NaN,252.699645596599,2022
