Diameter,Weight,IV,Year
1.6796303260307,45.4321996149408,253.659876834685,2020
1.68162243805234,45.38539148713,252.097809516705,2021
1.68185046415832,NaN,252.731080890521,2022
