Diameter,Weight,IV,Year
1.68046795295597,45.5055902260607,253.826229374084,2020
1.68152253090293,45.4165003914496,252.155319178488,2021
1.68139407798862,NaN,252.816237243069,2022
1.68116878102988,45.4618585988683,252.779797635339,2022
