Diameter,Weight,IV,Year
1.68171478581301,45.4686005425983,251.937597228415,2021
1.68140844252858,45.5288153355836,251.977986997687,2022
