Diameter,Weight,IV,Year
1.68136870016252,45.5419679268763,253.157654584051,2021
1.67941358985492,45.4801894289912,252.174267566787,2022
