Diameter,Weight,IV,Year
1.68099481387754,45.3246752739978,255.026109649843,2020
1.68119930360555,45.4909707906852,252.860254180141,2020
1.68098396672936,45.4274835380987,252.202166660924,2021
1.68155200056028,45.5549506120778,254.17995550612,2022
