Diameter,Weight,IV,Year
1.68137428724755,45.2859468820784,255.045361893307,2020
1.68155878727751,45.4681966069546,252.92550967495,2020
1.68173599292935,45.3928589091239,252.253904130668,2021
