Diameter,Weight,IV,Year
1.68149990531809,45.3424643285427,254.914063291595,2020
1.68125818755928,45.5316945664216,252.785214828862,2020
1.68233755454431,45.432442927494,252.219631633165,2021
