Diameter,Weight,IV,Year
1.68119711594357,45.36594055839,252.969088611806,2021
1.68108956033121,45.4249802521376,254.608980712831,2022
