Diameter,Weight,IV,Year
1.6836695377241,45.3179041023059,252.41621638032,2020
1.68185717682488,45.4014623227989,251.472454716321,2021
1.68246851357213,45.4093315017039,250.792877716691,2022
