Diameter,Weight,IV,Year
1.68202479123781,45.621715195332,250.131432833784,2020
1.68250279790324,45.7299104839444,250.75432761914,2021
