Diameter,Weight,IV,Year
1.68188765277974,45.2814501300439,252.39072624058,2020
1.67790587626966,45.3076619633,251.30741285173,2021
1.67931889265337,45.3396249959596,250.690576142562,2022
