Diameter,Weight,IV,Year
1.68216602194,45.2886547696412,252.252513276472,2020
1.68197048094507,45.3315873876775,251.179976549709,2021
1.68042032500184,45.3745749598538,250.555110836867,2022
