Diameter,Weight,IV,Year
1.68276777035262,45.3031671011887,251.751788448795,2020
1.68246513974237,45.3153894209628,250.906419489537,2021
1.68131440369737,45.3602739694253,250.240803098971,2022
