Diameter,Weight,IV,Year
1.68411245084071,45.2580418880532,252.345069058735,2020
1.68049654214813,45.2724829153462,251.379668709743,2021
1.68041388037562,45.3025727831437,250.848918446116,2022
