Diameter,Weight,IV,Year
1.68256444337647,45.2952322735873,252.197866622868,2020
1.68267147879156,45.3394014132747,251.293355435578,2021
1.67937710099645,45.2939674650301,250.606772056778,2022
