Diameter,Weight,IV,Year
1.68221731517515,45.3232627892787,252.147525638766,2020
1.68235252762589,45.3487902543203,251.279793716193,2021
1.68023680089996,45.332265287893,250.579632190908,2022
