Diameter,Weight,IV,Year
1.68015222604232,45.5262617030586,248.241646417299,2020
1.68295729489541,45.5690903554943,249.922403185373,2021
1.68311681262326,45.5313813916461,252.698975632063,2022
