Diameter,Weight,IV,Year
1.68055171201995,45.7334713805724,249.402213017738,2020
1.68447863493147,45.3883508324616,251.092211304009,2021
1.6827893122073,45.6246615045948,250.098576362065,2022
