Diameter,Weight,IV,Year
1.6809748017614,45.480970132251,248.827357090855,2020
1.68562088547163,45.3776652379106,250.927017804963,2021
1.68233690516479,45.6802628505169,250.801043441456,2022
