Diameter,Weight,IV,Year
1.678068151878,45.6144949366081,248.286942787744,2020
1.68479318262841,45.4731548770578,251.38455630547,2021
1.68244115665355,45.5039474729319,250.202426437302,2022
